-- phpMyAdmin SQL Dump
-- version 4.4.15.2
-- http://www.phpmyadmin.net
--
-- Host: localhost
-- Generation Time: Jul 25, 2017 at 02:47 PM
-- Server version: 5.6.28-log
-- PHP Version: 5.4.16

SET SQL_MODE = "NO_AUTO_VALUE_ON_ZERO";
SET time_zone = "+00:00";


/*!40101 SET @OLD_CHARACTER_SET_CLIENT=@@CHARACTER_SET_CLIENT */;
/*!40101 SET @OLD_CHARACTER_SET_RESULTS=@@CHARACTER_SET_RESULTS */;
/*!40101 SET @OLD_COLLATION_CONNECTION=@@COLLATION_CONNECTION */;
/*!40101 SET NAMES utf8mb4 */;

--
-- Database: `nestle_staging`
--

-- --------------------------------------------------------

--
-- Table structure for table `nestle_aauth_perms`
--

CREATE TABLE IF NOT EXISTS `nestle_aauth_perms` (
  `id` int(11) NOT NULL,
  `name` varchar(100) DEFAULT NULL,
  `defination` text
) ENGINE=InnoDB AUTO_INCREMENT=5 DEFAULT CHARSET=latin1;

--
-- Dumping data for table `nestle_aauth_perms`
--

INSERT INTO `nestle_aauth_perms` (`id`, `name`, `defination`) VALUES
(1, 'view', 'User Can Access View feature.!!'),
(2, 'add', 'User Can Access add feature.!!'),
(3, 'edit', 'User Can Access Edit feature.!!'),
(4, 'delete', 'User Can Access Delete feature.!!');

-- --------------------------------------------------------

--
-- Table structure for table `nestle_aauth_perm_to_group`
--

CREATE TABLE IF NOT EXISTS `nestle_aauth_perm_to_group` (
  `perm_id` int(11) DEFAULT NULL,
  `role_id` int(11) DEFAULT NULL,
  `module_id` int(11) DEFAULT NULL,
  `component_name` varchar(100) NOT NULL
) ENGINE=InnoDB DEFAULT CHARSET=latin1;

--
-- Dumping data for table `nestle_aauth_perm_to_group`
--

INSERT INTO `nestle_aauth_perm_to_group` (`perm_id`, `role_id`, `module_id`, `component_name`) VALUES
(1, 1, 1, 'ERP'),
(2, 1, 1, 'ERP'),
(3, 1, 1, 'ERP'),
(4, 1, 1, 'ERP'),
(1, 1, 2, 'ERP'),
(2, 1, 2, 'ERP'),
(3, 1, 2, 'ERP'),
(4, 1, 2, 'ERP'),
(1, 1, 3, 'ERP'),
(2, 1, 3, 'ERP'),
(3, 1, 3, 'ERP'),
(4, 1, 3, 'ERP'),
(1, 1, 4, 'ERP'),
(2, 1, 4, 'ERP'),
(3, 1, 4, 'ERP'),
(4, 1, 4, 'ERP'),
(1, 1, 5, 'ERP'),
(2, 1, 5, 'ERP'),
(3, 1, 5, 'ERP'),
(4, 1, 5, 'ERP'),
(1, 1, 6, 'ERP'),
(2, 1, 6, 'ERP'),
(3, 1, 6, 'ERP'),
(4, 1, 6, 'ERP'),
(1, 1, 7, 'ERP'),
(2, 1, 7, 'ERP'),
(3, 1, 7, 'ERP'),
(4, 1, 7, 'ERP'),
(1, 1, 8, 'ERP'),
(2, 1, 8, 'ERP'),
(3, 1, 8, 'ERP'),
(4, 1, 8, 'ERP'),
(1, 1, 9, 'ERP'),
(2, 1, 9, 'ERP'),
(3, 1, 9, 'ERP'),
(4, 1, 9, 'ERP'),
(1, 1, 10, 'ERP'),
(2, 1, 10, 'ERP'),
(3, 1, 10, 'ERP'),
(4, 1, 10, 'ERP'),
(1, 1, 11, 'ERP'),
(2, 1, 11, 'ERP'),
(3, 1, 11, 'ERP'),
(4, 1, 11, 'ERP'),
(1, 1, 12, 'ERP'),
(2, 1, 12, 'ERP'),
(3, 1, 12, 'ERP'),
(4, 1, 12, 'ERP'),
(1, 1, 13, 'ERP'),
(2, 1, 13, 'ERP'),
(3, 1, 13, 'ERP'),
(4, 1, 13, 'ERP'),
(1, 1, 14, 'ERP'),
(2, 1, 14, 'ERP'),
(3, 1, 14, 'ERP'),
(4, 1, 14, 'ERP'),
(1, 1, 15, 'ERP'),
(2, 1, 15, 'ERP'),
(3, 1, 15, 'ERP'),
(4, 1, 15, 'ERP'),
(1, 1, 16, 'ERP'),
(2, 1, 16, 'ERP'),
(3, 1, 16, 'ERP'),
(4, 1, 16, 'ERP'),
(1, 4, 1, 'ERP'),
(2, 4, 1, 'ERP'),
(3, 4, 1, 'ERP'),
(4, 4, 1, 'ERP'),
(1, 4, 2, 'ERP'),
(2, 4, 2, 'ERP'),
(3, 4, 2, 'ERP'),
(4, 4, 2, 'ERP'),
(1, 4, 3, 'ERP'),
(2, 4, 3, 'ERP'),
(3, 4, 3, 'ERP'),
(4, 4, 3, 'ERP'),
(1, 4, 4, 'ERP'),
(2, 4, 4, 'ERP'),
(3, 4, 4, 'ERP'),
(4, 4, 4, 'ERP'),
(1, 4, 5, 'ERP'),
(2, 4, 5, 'ERP'),
(3, 4, 5, 'ERP'),
(4, 4, 5, 'ERP'),
(1, 4, 6, 'ERP'),
(2, 4, 6, 'ERP'),
(3, 4, 6, 'ERP'),
(4, 4, 6, 'ERP'),
(1, 4, 7, 'ERP'),
(2, 4, 7, 'ERP'),
(3, 4, 7, 'ERP'),
(4, 4, 7, 'ERP'),
(1, 4, 8, 'ERP'),
(2, 4, 8, 'ERP'),
(3, 4, 8, 'ERP'),
(4, 4, 8, 'ERP'),
(1, 4, 9, 'ERP'),
(2, 4, 9, 'ERP'),
(3, 4, 9, 'ERP'),
(4, 4, 9, 'ERP'),
(1, 4, 10, 'ERP'),
(2, 4, 10, 'ERP'),
(3, 4, 10, 'ERP'),
(4, 4, 10, 'ERP'),
(1, 4, 11, 'ERP'),
(2, 4, 11, 'ERP'),
(3, 4, 11, 'ERP'),
(4, 4, 11, 'ERP'),
(1, 4, 12, 'ERP'),
(2, 4, 12, 'ERP'),
(3, 4, 12, 'ERP'),
(4, 4, 12, 'ERP'),
(1, 4, 13, 'ERP'),
(2, 4, 13, 'ERP'),
(3, 4, 13, 'ERP'),
(4, 4, 13, 'ERP'),
(1, 4, 14, 'ERP'),
(2, 4, 14, 'ERP'),
(3, 4, 14, 'ERP'),
(4, 4, 14, 'ERP'),
(1, 4, 15, 'ERP'),
(2, 4, 15, 'ERP'),
(3, 4, 15, 'ERP'),
(4, 4, 15, 'ERP'),
(1, 4, 16, 'ERP'),
(2, 4, 16, 'ERP'),
(3, 4, 16, 'ERP'),
(4, 4, 16, 'ERP'),
(1, 6, 4, 'ERP'),
(2, 6, 4, 'ERP'),
(3, 6, 4, 'ERP'),
(4, 6, 4, 'ERP'),
(1, 6, 5, 'ERP'),
(2, 6, 5, 'ERP'),
(3, 6, 5, 'ERP'),
(4, 6, 5, 'ERP'),
(1, 5, 4, 'ERP'),
(2, 5, 4, 'ERP'),
(3, 5, 4, 'ERP'),
(4, 5, 4, 'ERP'),
(1, 5, 5, 'ERP'),
(2, 5, 5, 'ERP'),
(3, 5, 5, 'ERP'),
(4, 5, 5, 'ERP'),
(1, 5, 6, 'ERP'),
(2, 5, 6, 'ERP'),
(3, 5, 6, 'ERP'),
(4, 5, 6, 'ERP'),
(1, 5, 7, 'ERP'),
(2, 5, 7, 'ERP'),
(3, 5, 7, 'ERP'),
(4, 5, 7, 'ERP'),
(1, 5, 9, 'ERP'),
(2, 5, 9, 'ERP'),
(3, 5, 9, 'ERP'),
(4, 5, 9, 'ERP'),
(1, 5, 10, 'ERP'),
(2, 5, 10, 'ERP'),
(3, 5, 10, 'ERP'),
(4, 5, 10, 'ERP'),
(1, 5, 11, 'ERP'),
(2, 5, 11, 'ERP'),
(3, 5, 11, 'ERP'),
(4, 5, 11, 'ERP'),
(1, 5, 12, 'ERP'),
(2, 5, 12, 'ERP'),
(3, 5, 12, 'ERP'),
(4, 5, 12, 'ERP'),
(1, 5, 13, 'ERP'),
(2, 5, 13, 'ERP'),
(3, 5, 13, 'ERP'),
(4, 5, 13, 'ERP'),
(1, 5, 14, 'ERP'),
(2, 5, 14, 'ERP'),
(3, 5, 14, 'ERP'),
(4, 5, 14, 'ERP'),
(1, 5, 15, 'ERP'),
(2, 5, 15, 'ERP'),
(3, 5, 15, 'ERP'),
(4, 5, 15, 'ERP'),
(1, 5, 16, 'ERP'),
(2, 5, 16, 'ERP'),
(3, 5, 16, 'ERP'),
(4, 5, 16, 'ERP'),
(1, 3, 1, 'ERP'),
(2, 3, 1, 'ERP'),
(3, 3, 1, 'ERP'),
(4, 3, 1, 'ERP'),
(1, 3, 2, 'ERP'),
(2, 3, 2, 'ERP'),
(3, 3, 2, 'ERP'),
(4, 3, 2, 'ERP'),
(1, 3, 3, 'ERP'),
(2, 3, 3, 'ERP'),
(3, 3, 3, 'ERP'),
(4, 3, 3, 'ERP'),
(1, 3, 4, 'ERP'),
(2, 3, 4, 'ERP'),
(3, 3, 4, 'ERP'),
(4, 3, 4, 'ERP'),
(1, 3, 5, 'ERP'),
(2, 3, 5, 'ERP'),
(3, 3, 5, 'ERP'),
(4, 3, 5, 'ERP'),
(1, 3, 6, 'ERP'),
(2, 3, 6, 'ERP'),
(3, 3, 6, 'ERP'),
(4, 3, 6, 'ERP'),
(1, 3, 7, 'ERP'),
(1, 3, 8, 'ERP'),
(2, 3, 8, 'ERP'),
(3, 3, 8, 'ERP'),
(4, 3, 8, 'ERP'),
(1, 3, 9, 'ERP'),
(2, 3, 9, 'ERP'),
(3, 3, 9, 'ERP'),
(4, 3, 9, 'ERP'),
(1, 3, 10, 'ERP'),
(2, 3, 10, 'ERP'),
(3, 3, 10, 'ERP'),
(4, 3, 10, 'ERP'),
(1, 3, 11, 'ERP'),
(2, 3, 11, 'ERP'),
(3, 3, 11, 'ERP'),
(4, 3, 11, 'ERP'),
(1, 3, 12, 'ERP'),
(2, 3, 12, 'ERP'),
(3, 3, 12, 'ERP'),
(4, 3, 12, 'ERP'),
(1, 3, 13, 'ERP'),
(2, 3, 13, 'ERP'),
(3, 3, 13, 'ERP'),
(4, 3, 13, 'ERP'),
(1, 3, 14, 'ERP'),
(2, 3, 14, 'ERP'),
(3, 3, 14, 'ERP'),
(4, 3, 14, 'ERP'),
(1, 3, 15, 'ERP'),
(2, 3, 15, 'ERP'),
(3, 3, 15, 'ERP'),
(4, 3, 15, 'ERP'),
(1, 3, 16, 'ERP'),
(2, 3, 16, 'ERP'),
(3, 3, 16, 'ERP'),
(4, 3, 16, 'ERP'),
(1, 2, 9, 'ERP'),
(2, 2, 9, 'ERP'),
(3, 2, 9, 'ERP'),
(4, 2, 9, 'ERP'),
(1, 2, 13, 'ERP'),
(2, 2, 13, 'ERP'),
(3, 2, 13, 'ERP'),
(4, 2, 13, 'ERP'),
(1, 2, 15, 'ERP'),
(2, 2, 15, 'ERP'),
(3, 2, 15, 'ERP'),
(4, 2, 15, 'ERP'),
(1, 2, 16, 'ERP'),
(2, 2, 16, 'ERP'),
(3, 2, 16, 'ERP'),
(4, 2, 16, 'ERP'),
(2, 11, 13, 'ERP'),
(2, 11, 15, 'ERP'),
(2, 11, 16, 'ERP'),
(2, 12, 7, 'ERP'),
(2, 12, 9, 'ERP'),
(2, 12, 11, 'ERP'),
(2, 12, 16, 'ERP'),
(1, 1, 17, 'ERP'),
(2, 1, 17, 'ERP'),
(3, 1, 17, 'ERP'),
(4, 1, 17, 'ERP'),
(1, 1, 18, 'ERP'),
(2, 1, 18, 'ERP'),
(3, 1, 18, 'ERP'),
(4, 1, 18, 'ERP'),
(1, 1, 19, 'ERP'),
(2, 1, 19, 'ERP'),
(3, 1, 19, 'ERP'),
(4, 1, 19, 'ERP'),
(1, 1, 20, 'ERP'),
(2, 1, 20, 'ERP'),
(3, 1, 20, 'ERP'),
(4, 1, 20, 'ERP'),
(1, 1, 21, 'ERP'),
(2, 1, 21, 'ERP'),
(3, 1, 21, 'ERP'),
(4, 1, 21, 'ERP'),
(1, 1, 22, 'ERP'),
(2, 1, 22, 'ERP'),
(3, 1, 22, 'ERP'),
(4, 1, 22, 'ERP');

-- --------------------------------------------------------

--
-- Table structure for table `nestle_category`
--

CREATE TABLE IF NOT EXISTS `nestle_category` (
  `cat_id` int(11) NOT NULL,
  `cat_name` varchar(255) NOT NULL COMMENT 'Category Name',
  `description` text NOT NULL,
  `created_by` int(11) NOT NULL COMMENT 'Created By login_id',
  `created_date` datetime NOT NULL COMMENT 'Created By Date and Time',
  `updated_by` int(11) NOT NULL COMMENT 'Updated By login_id',
  `updated_date` datetime NOT NULL COMMENT 'Updated On Date and Time',
  `status` enum('active','inactive') NOT NULL DEFAULT 'active',
  `is_deleted` tinyint(1) NOT NULL DEFAULT '0'
) ENGINE=MyISAM AUTO_INCREMENT=14 DEFAULT CHARSET=latin1;

--
-- Dumping data for table `nestle_category`
--

INSERT INTO `nestle_category` (`cat_id`, `cat_name`, `description`, `created_by`, `created_date`, `updated_by`, `updated_date`, `status`, `is_deleted`) VALUES
(1, 'Nescafe Alegria', 'Nescafe Alegria Desription', 1, '2017-05-24 11:27:56', 5, '2017-06-23 14:24:09', 'active', 0),
(2, 'Beverage', 'description', 1, '2017-05-24 11:28:26', 6, '2017-05-31 15:07:31', 'active', 0),
(3, 'Beverage bi', 'Beverage v12', 5, '2017-06-01 08:12:02', 5, '2017-06-01 08:12:17', 'active', 0),
(4, 'testing', 'test', 1, '2017-06-06 12:22:37', 0, '0000-00-00 00:00:00', 'active', 1),
(5, 'testing new', '', 1, '2017-06-06 12:22:51', 0, '0000-00-00 00:00:00', 'active', 1),
(6, 'test data', '', 1, '2017-06-06 12:23:01', 0, '0000-00-00 00:00:00', 'active', 1),
(7, 'datavalue', '', 1, '2017-06-06 12:23:14', 0, '0000-00-00 00:00:00', 'active', 1),
(8, 'newtext', '', 1, '2017-06-06 12:23:21', 0, '0000-00-00 00:00:00', 'active', 1),
(9, 'Nescafe', 'Nescafe', 5, '2017-06-08 11:47:05', 0, '0000-00-00 00:00:00', 'active', 0),
(10, 'Nestle Ingredient name', '', 5, '2017-06-23 14:15:34', 0, '0000-00-00 00:00:00', 'active', 1),
(11, 'Nestle Ingredient name', '', 5, '2017-06-23 14:19:04', 0, '0000-00-00 00:00:00', 'active', 0),
(12, 'test_ingredient', 'testing new', 1, '2017-07-07 13:03:56', 1, '2017-07-07 13:06:09', 'inactive', 1),
(13, 'Ingredient beta', 'data for ingredient', 1, '2017-07-07 13:06:46', 1, '2017-07-10 15:21:05', 'active', 0);

-- --------------------------------------------------------

--
-- Table structure for table `nestle_ci_sessions`
--

CREATE TABLE IF NOT EXISTS `nestle_ci_sessions` (
  `id` varchar(40) NOT NULL,
  `ip_address` varchar(45) NOT NULL,
  `timestamp` int(10) unsigned NOT NULL DEFAULT '0',
  `data` blob NOT NULL
) ENGINE=InnoDB DEFAULT CHARSET=latin1;

--
-- Dumping data for table `nestle_ci_sessions`
--

INSERT INTO `nestle_ci_sessions` (`id`, `ip_address`, `timestamp`, `data`) VALUES
('0235f7fc31cc8addb809ceafb369a6b6491f6641', '10.1.5.1', 1499837836, 0x5f5f63695f6c6173745f726567656e65726174657c693a313439393833373833363b),
('02beb3df59a682c06cfc315d024da49ccc99d2fd', '150.70.188.168', 1499850056, 0x5f5f63695f6c6173745f726567656e65726174657c693a313439393835303035363b),
('034927c8aa4e4ddce778b5a30422880597b6f1e6', '150.70.173.53', 1499849476, 0x5f5f63695f6c6173745f726567656e65726174657c693a313439393834393437363b),
('044d1053d10c2ac79769b3d03f807d9434cd5693', '150.70.188.172', 1499842719, 0x5f5f63695f6c6173745f726567656e65726174657c693a313439393834323731393b),
('081a301ebcfdab6cb356c9d7e1c7bddaae2d449a', '150.70.173.40', 1500973742, 0x5f5f63695f6c6173745f726567656e65726174657c693a313530303937333734323b),
('0a16ad95aedaab173eb32603aa36e92112c47790', '150.70.188.169', 1499854872, 0x5f5f63695f6c6173745f726567656e65726174657c693a313439393835343837323b),
('0ae504fa41ed1519c7215fc4ce888fdb2324ab2d', '150.70.173.9', 1499851576, 0x5f5f63695f6c6173745f726567656e65726174657c693a313439393835313537363b),
('0b9549223add3cf4d0e59d28a7407da573cbd5ed', '10.1.5.1', 1499851901, 0x4c4f474745445f494e7c613a373a7b733a323a224944223b733a313a2231223b733a353a22454d41494c223b733a32343a227269746573682e72616e6140632d6d65747269632e636f6d223b733a393a2246495253544e414d45223b733a363a22526974657368223b733a383a224c4153544e414d45223b733a343a2252616e61223b733a393a22524f4c455f54595045223b733a313a2231223b733a383a2254494d455a4f4e45223b733a303a22223b733a31303a2273657373696f6e5f6964223b733a34303a2232393164626537666636653636343031623464396263636436663630633232313330363034616262223b7d6d616368696e655f61737369676e5f646174617c613a363a7b733a393a22736f72746669656c64223b733a33313a22637573746f6d65725f6d616368696e655f696e666f726d6174696f6e5f6964223b733a363a22736f72746279223b733a343a2264657363223b733a31303a2273656172636874657874223b733a303a22223b733a373a2270657270616765223b733a323a223130223b733a31313a227572695f7365676d656e74223b4e3b733a31303a22746f74616c5f726f7773223b693a32313b7d5f5f63695f6c6173745f726567656e65726174657c693a313439393835313433393b),
('0dc4873cc35fd364c64f10580cea0571c094238b', '52.27.2.86', 1499847468, 0x5f5f63695f6c6173745f726567656e65726174657c693a313439393834373436383b),
('0ef490e4799fb3f9b905ce89b59d78cc53333c18', '150.70.188.165', 1499852747, 0x5f5f63695f6c6173745f726567656e65726174657c693a313439393835323734373b),
('1048135ca91582e8dc7fd1c067a4bf6167bf9dfb', '150.70.188.178', 1499854902, 0x5f5f63695f6c6173745f726567656e65726174657c693a313439393835343930323b),
('109b1510f8e0b2bd593de4e0f6a3ac193ea712c1', '150.70.188.175', 1500003056, 0x5f5f63695f6c6173745f726567656e65726174657c693a313530303030333035363b),
('11c44b106545d8e95203e3e97bf44c0df9135bca', '10.1.5.1', 1500457262, 0x5f5f63695f6c6173745f726567656e65726174657c693a313530303435373236323b),
('120171ef4f252e82012ab9486cc0eb00eaf245f5', '150.70.188.169', 1499854759, 0x5f5f63695f6c6173745f726567656e65726174657c693a313439393835343735393b),
('122592bb15a677826bbc461397670448c74efbd5', '10.1.5.1', 1500457363, 0x5f5f63695f6c6173745f726567656e65726174657c693a313530303435373336333b),
('126a29a8d2ec2a5f37a80b04137f476909d3857f', '150.70.173.8', 1499854811, 0x5f5f63695f6c6173745f726567656e65726174657c693a313439393835343831313b),
('1272bacf1ff8a58212446963640e2ddc0d9b020f', '10.1.5.1', 1500270570, 0x5f5f63695f6c6173745f726567656e65726174657c693a313530303237303537303b),
('135cbfb1ba47fda0e5c19139a5b47f54b6b6ea8b', '10.1.5.1', 1500284589, 0x5f5f63695f6c6173745f726567656e65726174657c693a313530303238343538393b),
('136e8450ccce823345cf1f4db7c74b6edc8bcf33', '150.70.173.8', 1500880863, 0x5f5f63695f6c6173745f726567656e65726174657c693a313530303838303836333b),
('139fe60fa4b81caeca7996b78cf5004b1ec8f8d5', '150.70.188.177', 1500456648, 0x5f5f63695f6c6173745f726567656e65726174657c693a313530303435363634383b),
('167463847c03f7dcefa8100035abf18f6209f1c5', '150.70.173.48', 1499852673, 0x5f5f63695f6c6173745f726567656e65726174657c693a313439393835323637333b),
('1b564d3270c869080fc2cb91d3b6262e713b7866', '10.1.5.1', 1499847496, 0x4c4f474745445f494e7c613a373a7b733a323a224944223b733a313a2235223b733a353a22454d41494c223b733a32363a227275706573682e6a6f726b617240632d6d65747269632e636f6d223b733a393a2246495253544e414d45223b733a363a22527570657368223b733a383a224c4153544e414d45223b733a363a224a6f726b6172223b733a393a22524f4c455f54595045223b733a313a2231223b733a383a2254494d455a4f4e45223b733a303a22223b733a31303a2273657373696f6e5f6964223b733a34303a2231623861393939646239373661373766323230626135643763356131383066303632316636616636223b7d6d61696e74656e616e63655f646174617c613a363a7b733a393a22736f72746669656c64223b733a31363a226d2e6d61696e74656e616e63655f6964223b733a363a22736f72746279223b733a343a2264657363223b733a31303a2273656172636874657874223b733a303a22223b733a373a2270657270616765223b733a323a223130223b733a31313a227572695f7365676d656e74223b4e3b733a31303a22746f74616c5f726f7773223b693a353b7d5f5f63695f6c6173745f726567656e65726174657c693a313439393834373339363b),
('1b8a999db976a77f220ba5d7c5a180f0621f6af6', '10.1.5.1', 1499846956, 0x4c4f474745445f494e7c613a373a7b733a323a224944223b733a313a2235223b733a353a22454d41494c223b733a32363a227275706573682e6a6f726b617240632d6d65747269632e636f6d223b733a393a2246495253544e414d45223b733a363a22527570657368223b733a383a224c4153544e414d45223b733a363a224a6f726b6172223b733a393a22524f4c455f54595045223b733a313a2231223b733a383a2254494d455a4f4e45223b733a303a22223b733a31303a2273657373696f6e5f6964223b733a34303a2231623861393939646239373661373766323230626135643763356131383066303632316636616636223b7d6d61696e74656e616e63655f646174617c613a363a7b733a393a22736f72746669656c64223b733a31363a226d2e6d61696e74656e616e63655f6964223b733a363a22736f72746279223b733a343a2264657363223b733a31303a2273656172636874657874223b733a303a22223b733a373a2270657270616765223b733a323a223130223b733a31313a227572695f7365676d656e74223b4e3b733a31303a22746f74616c5f726f7773223b693a353b7d5f5f63695f6c6173745f726567656e65726174657c693a313439393834363935333b),
('1cb65b19bc1cc8958e5edf44745c8981c513419a', '10.1.5.1', 1500457304, 0x5f5f63695f6c6173745f726567656e65726174657c693a313530303435373330343b),
('1cdcc7d85ce10443d93e85f2bb828bdc95743492', '150.70.173.43', 1499848064, 0x5f5f63695f6c6173745f726567656e65726174657c693a313439393834383036343b),
('1ce11afc1b37c961d04c6f22a940fd78b2cc977f', '150.70.173.6', 1499852340, 0x5f5f63695f6c6173745f726567656e65726174657c693a313439393835323334303b),
('1e7683c42b66da6a14680dc2abd2b3b79da51a12', '150.70.188.172', 1499852767, 0x5f5f63695f6c6173745f726567656e65726174657c693a313439393835323736373b),
('1f2667eedda60a418389db80a70aab08704fc3e3', '150.70.188.179', 1499852773, 0x5f5f63695f6c6173745f726567656e65726174657c693a313439393835323737333b),
('232d86abb5321b9a8367bf32d2847dae9ee24c8e', '150.70.173.49', 1499854972, 0x5f5f63695f6c6173745f726567656e65726174657c693a313439393835343937323b),
('236a9add1d4f6c428cbc997a600c206dcbe8d91e', '10.1.5.1', 1499769015, 0x5f5f63695f6c6173745f726567656e65726174657c693a313439393736393031353b),
('23f2b4f523d873a051544242ce2b1c640fe7d987', '150.70.188.172', 1499849742, 0x5f5f63695f6c6173745f726567656e65726174657c693a313439393834393734323b),
('2530ab9e73289ad4108274008a965f8ff9dd480d', '150.70.188.180', 1499847531, 0x5f5f63695f6c6173745f726567656e65726174657c693a313439393834373533313b),
('28bb8a28e841458995f747988e250aaf65fda44f', '150.70.173.56', 1500436092, 0x5f5f63695f6c6173745f726567656e65726174657c693a313530303433363039323b),
('291dbe7ff6e66401b4d9bccd6f60c22130604abb', '10.1.5.1', 1499850675, 0x4c4f474745445f494e7c613a373a7b733a323a224944223b733a313a2231223b733a353a22454d41494c223b733a32343a227269746573682e72616e6140632d6d65747269632e636f6d223b733a393a2246495253544e414d45223b733a363a22526974657368223b733a383a224c4153544e414d45223b733a343a2252616e61223b733a393a22524f4c455f54595045223b733a313a2231223b733a383a2254494d455a4f4e45223b733a303a22223b733a31303a2273657373696f6e5f6964223b733a34303a2232393164626537666636653636343031623464396263636436663630633232313330363034616262223b7d64656c69766572796f7264657261737369676e6d656e745f646174617c613a363a7b733a393a22736f72746669656c64223b733a31373a2264656c69766572795f6f726465725f6964223b733a363a22736f72746279223b733a343a2264657363223b733a31303a2273656172636874657874223b733a303a22223b733a373a2270657270616765223b733a323a223130223b733a31313a227572695f7365676d656e74223b4e3b733a31303a22746f74616c5f726f7773223b693a353b7d5f5f63695f6c6173745f726567656e65726174657c693a313439393835303239353b),
('2925e9aca81379461d96fd0075519a1a974d68c3', '150.70.173.49', 1499850969, 0x5f5f63695f6c6173745f726567656e65726174657c693a313439393835303936393b),
('2a5414f11dbbffe54c700eb2321c482f737b3fe3', '150.70.173.40', 1499851577, 0x5f5f63695f6c6173745f726567656e65726174657c693a313439393835313537373b),
('2b5196b0a69b444d82011ad4c26d5db7fbc09670', '10.1.5.1', 1500284589, 0x5f5f63695f6c6173745f726567656e65726174657c693a313530303238343538393b),
('2b9ee6c168081bf9b31e4b02eac697b776994f8d', '150.70.173.49', 1499916416, 0x5f5f63695f6c6173745f726567656e65726174657c693a313439393931363431363b),
('2c036045216a950939f65a474702543b24d4b2f4', '10.1.5.1', 1499852656, 0x4c4f474745445f494e7c613a373a7b733a323a224944223b733a313a2231223b733a353a22454d41494c223b733a32343a227269746573682e72616e6140632d6d65747269632e636f6d223b733a393a2246495253544e414d45223b733a363a22526974657368223b733a383a224c4153544e414d45223b733a343a2252616e61223b733a393a22524f4c455f54595045223b733a313a2231223b733a383a2254494d455a4f4e45223b733a303a22223b733a31303a2273657373696f6e5f6964223b733a34303a2232393164626537666636653636343031623464396263636436663630633232313330363034616262223b7d637573746f6d65725f646174617c613a363a7b733a393a22736f72746669656c64223b733a31313a22637573746f6d65725f6964223b733a363a22736f72746279223b733a343a2264657363223b733a31303a2273656172636874657874223b733a303a22223b733a373a2270657270616765223b733a323a223130223b733a31313a227572695f7365676d656e74223b4e3b733a31303a22746f74616c5f726f7773223b693a31343b7d5f5f63695f6c6173745f726567656e65726174657c693a313439393835323635343b),
('2ef0504060ff61bb8bd48e36b35de4a26cb583c1', '150.70.188.168', 1499848556, 0x5f5f63695f6c6173745f726567656e65726174657c693a313439393834383535363b),
('337abcd802e7196a5529567a3b666b9d4a342576', '10.1.5.1', 1499837835, 0x5f5f63695f6c6173745f726567656e65726174657c693a313439393833373833353b),
('3537cb97b744354b3c408c3834394617fdbe6a1a', '150.70.188.180', 1499846888, 0x5f5f63695f6c6173745f726567656e65726174657c693a313439393834363838383b),
('37268c2e5c08facb9e6688dff02f53d5624ef4f5', '150.70.188.180', 1499850424, 0x5f5f63695f6c6173745f726567656e65726174657c693a313439393835303432343b),
('38b01b8c67640f9a90aaca94fb117caf378bddcd', '150.70.188.178', 1499850071, 0x5f5f63695f6c6173745f726567656e65726174657c693a313439393835303037313b),
('39e2fc9c5d81157ea096b337ae13bb5a391cc993', '50.112.194.65', 1499837930, 0x5f5f63695f6c6173745f726567656e65726174657c693a313439393833373933303b),
('39e574796feb49949dabb0f5ffa59d95996b133c', '150.70.188.167', 1499848563, 0x5f5f63695f6c6173745f726567656e65726174657c693a313439393834383536333b),
('3b34c0db9850de99297290495adc78ed34d96ebf', '150.70.188.167', 1499846956, 0x5f5f63695f6c6173745f726567656e65726174657c693a313439393834363935363b),
('3ce57c660411ec4bf5456299cc6216bd3bc257e3', '150.70.188.177', 1499847795, 0x5f5f63695f6c6173745f726567656e65726174657c693a313439393834373739353b),
('3d56a06d41888b42a490d2e999e0031a84360f77', '150.70.188.167', 1500270671, 0x5f5f63695f6c6173745f726567656e65726174657c693a313530303237303637313b),
('3e4a47f2ec517510fdd51fa7ab384cb1f3c54b1b', '10.1.5.1', 1499854367, 0x4c4f474745445f494e7c613a373a7b733a323a224944223b733a313a2235223b733a353a22454d41494c223b733a32363a227275706573682e6a6f726b617240632d6d65747269632e636f6d223b733a393a2246495253544e414d45223b733a363a22527570657368223b733a383a224c4153544e414d45223b733a363a224a6f726b6172223b733a393a22524f4c455f54595045223b733a313a2231223b733a383a2254494d455a4f4e45223b733a303a22223b733a31303a2273657373696f6e5f6964223b733a34303a2231623861393939646239373661373766323230626135643763356131383066303632316636616636223b7d6d61696e74656e616e63655f6261636b6f66666963655f646174617c613a363a7b733a393a22736f72746669656c64223b733a31363a226d2e6d61696e74656e616e63655f6964223b733a363a22736f72746279223b733a343a2264657363223b733a31303a2273656172636874657874223b733a303a22223b733a373a2270657270616765223b733a323a223130223b733a31313a227572695f7365676d656e74223b4e3b733a31303a22746f74616c5f726f7773223b693a353b7d5f5f63695f6c6173745f726567656e65726174657c693a313439393835343335393b),
('3e5713d20f186fc87bc0194adab7b449ac36f4d7', '150.70.173.59', 1499850022, 0x5f5f63695f6c6173745f726567656e65726174657c693a313439393835303032323b),
('40d80bb6000d4218ea9787e0f5d0eaa09de667cb', '150.70.173.8', 1500457406, 0x5f5f63695f6c6173745f726567656e65726174657c693a313530303435373430363b),
('418ef0919a3b23fca2a3301b4ecdd695e9a9efc0', '150.70.173.9', 1499854448, 0x5f5f63695f6c6173745f726567656e65726174657c693a313439393835343434383b),
('451606641d7249289ea5477fea9e704bbcba804d', '150.70.188.166', 1499855286, 0x5f5f63695f6c6173745f726567656e65726174657c693a313439393835353238363b),
('45e6a7250ce47b947d1d8b92622ceb37ee205f22', '150.70.173.58', 1500880865, 0x5f5f63695f6c6173745f726567656e65726174657c693a313530303838303836353b),
('46c20f922810a964dfacbfd5b0d363bfa9ebd76d', '10.1.5.1', 1500002918, 0x5f5f63695f6c6173745f726567656e65726174657c693a313530303030323931383b),
('4a65fd6d0bd104b2a1b3ba94cbdb0a2eac7d876d', '150.70.188.167', 1499849759, 0x5f5f63695f6c6173745f726567656e65726174657c693a313439393834393735393b),
('4e508026790538da1f5492cd4cbdbf33ddf9df0b', '150.70.188.178', 1499855410, 0x5f5f63695f6c6173745f726567656e65726174657c693a313439393835353431303b),
('50c48e7627c31b574b78ce4735e6f70a91483f29', '10.1.5.1', 1499854856, 0x4c4f474745445f494e7c613a373a7b733a323a224944223b733a313a2235223b733a353a22454d41494c223b733a32363a227275706573682e6a6f726b617240632d6d65747269632e636f6d223b733a393a2246495253544e414d45223b733a363a22527570657368223b733a383a224c4153544e414d45223b733a363a224a6f726b6172223b733a393a22524f4c455f54595045223b733a313a2231223b733a383a2254494d455a4f4e45223b733a303a22223b733a31303a2273657373696f6e5f6964223b733a34303a2231623861393939646239373661373766323230626135643763356131383066303632316636616636223b7d637573746f6d65725f646174617c613a363a7b733a393a22736f72746669656c64223b733a31313a22637573746f6d65725f6964223b733a363a22736f72746279223b733a343a2264657363223b733a31303a2273656172636874657874223b733a303a22223b733a373a2270657270616765223b733a323a223130223b733a31313a227572695f7365676d656e74223b4e3b733a31303a22746f74616c5f726f7773223b693a31343b7d5f5f63695f6c6173745f726567656e65726174657c693a313439393835343835353b),
('50c666083c449d6ed5646eb67a995e3c2922844d', '10.1.5.1', 1500973644, 0x5f5f63695f6c6173745f726567656e65726174657c693a313530303937333634323b),
('52402eb0e71eed62b7c6d8acfdff24b726749ef1', '10.1.5.1', 1499852579, 0x4c4f474745445f494e7c613a373a7b733a323a224944223b733a313a2231223b733a353a22454d41494c223b733a32343a227269746573682e72616e6140632d6d65747269632e636f6d223b733a393a2246495253544e414d45223b733a363a22526974657368223b733a383a224c4153544e414d45223b733a343a2252616e61223b733a393a22524f4c455f54595045223b733a313a2231223b733a383a2254494d455a4f4e45223b733a303a22223b733a31303a2273657373696f6e5f6964223b733a34303a2232393164626537666636653636343031623464396263636436663630633232313330363034616262223b7d696e76656e746f72795f646174617c613a363a7b733a393a22736f72746669656c64223b733a31323a22696e76656e746f72795f6964223b733a363a22736f72746279223b733a343a2264657363223b733a31303a2273656172636874657874223b733a303a22223b733a373a2270657270616765223b733a323a223130223b733a31313a227572695f7365676d656e74223b4e3b733a31303a22746f74616c5f726f7773223b693a34333b7d5f5f63695f6c6173745f726567656e65726174657c693a313439393835323333313b),
('54e30a8908234f720cb7559135c7e1f7d98d2ccf', '10.1.5.1', 1500347802, 0x5f5f63695f6c6173745f726567656e65726174657c693a313530303334373830323b),
('56ee022f6f7d7ef93926475cd6938e155a2a483d', '50.112.194.65', 1499846880, 0x5f5f63695f6c6173745f726567656e65726174657c693a313439393834363838303b),
('5794cc935be3e2c905695294ae79df88d64805ad', '10.1.5.1', 1500457223, 0x5f5f63695f6c6173745f726567656e65726174657c693a313530303435373232333b),
('57ef4e34d95e64f583075393f9096a017440e632', '150.70.173.52', 1499848519, 0x5f5f63695f6c6173745f726567656e65726174657c693a313439393834383531393b),
('58dec9a733167b5d4b428fc27cd084f99e05320c', '150.70.173.5', 1499850068, 0x5f5f63695f6c6173745f726567656e65726174657c693a313439393835303036383b),
('58f0d6a03c33345e159fe8b5c11d698ff2fee091', '50.112.194.65', 1499846975, 0x5f5f63695f6c6173745f726567656e65726174657c693a313439393834363937353b),
('58fc9cc7b1f9771b0fb70545d5f50ceaa92e9989', '150.70.173.58', 1500450184, 0x5f5f63695f6c6173745f726567656e65726174657c693a313530303435303138343b),
('5a2885bcf1455d0e53d14197d6de558ec769c849', '52.27.2.86', 1499837940, 0x5f5f63695f6c6173745f726567656e65726174657c693a313439393833373934303b),
('5cdab8b4cc4eefebffb1866c5045d8dede52b9c7', '150.70.173.46', 1499850324, 0x5f5f63695f6c6173745f726567656e65726174657c693a313439393835303332343b),
('5d4eac797cc3b3cc01448ee8be3ad896074f026e', '10.1.5.1', 1500457412, 0x5f5f63695f6c6173745f726567656e65726174657c693a313530303435373431323b),
('5d6709225cb56c3a7fef95742d249c6fda29ca22', '150.70.173.44', 1499852061, 0x5f5f63695f6c6173745f726567656e65726174657c693a313439393835323036313b),
('5e0ce6883bcac845a0ff2cdafc53b1b8df100148', '10.1.5.1', 1499851169, 0x4c4f474745445f494e7c613a373a7b733a323a224944223b733a313a2231223b733a353a22454d41494c223b733a32343a227269746573682e72616e6140632d6d65747269632e636f6d223b733a393a2246495253544e414d45223b733a363a22526974657368223b733a383a224c4153544e414d45223b733a343a2252616e61223b733a393a22524f4c455f54595045223b733a313a2231223b733a383a2254494d455a4f4e45223b733a303a22223b733a31303a2273657373696f6e5f6964223b733a34303a2232393164626537666636653636343031623464396263636436663630633232313330363034616262223b7d666565646261636b5f646174617c613a363a7b733a393a22736f72746669656c64223b733a31313a22666565646261636b5f6964223b733a363a22736f72746279223b733a343a2264657363223b733a31303a2273656172636874657874223b733a303a22223b733a373a2270657270616765223b733a323a223130223b733a31313a227572695f7365676d656e74223b4e3b733a31303a22746f74616c5f726f7773223b693a333b7d5f5f63695f6c6173745f726567656e65726174657c693a313439393835303931373b),
('6b33f6899b696040355202b8f64a1ae1aac374f2', '10.1.5.1', 1500880737, 0x5f5f63695f6c6173745f726567656e65726174657c693a313530303838303733363b),
('6ff0b5dbee667b6c76106f134c6e851ed42cc9c3', '10.1.5.1', 1499849342, 0x4c4f474745445f494e7c613a373a7b733a323a224944223b733a313a2231223b733a353a22454d41494c223b733a32343a227269746573682e72616e6140632d6d65747269632e636f6d223b733a393a2246495253544e414d45223b733a363a22526974657368223b733a383a224c4153544e414d45223b733a343a2252616e61223b733a393a22524f4c455f54595045223b733a313a2231223b733a383a2254494d455a4f4e45223b733a303a22223b733a31303a2273657373696f6e5f6964223b733a34303a2266306235323733316633623865396365356134663939363761623332663264666363333838623361223b7d636f5f646174617c613a363a7b733a393a22736f72746669656c64223b733a31333a22636f6c6c656374696f6e5f6964223b733a363a22736f72746279223b733a343a2264657363223b733a31303a2273656172636874657874223b733a303a22223b733a373a2270657270616765223b733a323a223130223b733a31313a227572695f7365676d656e74223b4e3b733a31303a22746f74616c5f726f7773223b693a353b7d5f5f63695f6c6173745f726567656e65726174657c693a313439393834383637353b),
('700c48a5626324d28d2108916dc3b31a19c1634c', '150.70.173.6', 1499855027, 0x5f5f63695f6c6173745f726567656e65726174657c693a313439393835353032373b),
('704d912ff9fafe1485a496f42abd59afa6a40757', '150.70.188.167', 1499850072, 0x5f5f63695f6c6173745f726567656e65726174657c693a313439393835303037323b),
('71e45698987b1a945c6c8d3ea3a4c2ef7ddc63a8', '150.70.173.40', 1499854434, 0x5f5f63695f6c6173745f726567656e65726174657c693a313439393835343433343b),
('72e38de9d1b51dcbb303ec1a87d3a66b76bc87d3', '10.1.5.1', 1500450075, 0x5f5f63695f6c6173745f726567656e65726174657c693a313530303435303037353b),
('744ec0bb7cb18ac6a88a790b9afd98787041b88c', '52.27.2.86', 1499768806, 0x5f5f63695f6c6173745f726567656e65726174657c693a313439393736383830363b),
('7cf0ed1d102665ad620de0c3c52ea6bdfd9e3be0', '150.70.173.46', 1499851070, 0x5f5f63695f6c6173745f726567656e65726174657c693a313439393835313037303b),
('81f1922ac933ddbf25ef46c1e9cb1d99831eaee7', '150.70.188.168', 1499852447, 0x5f5f63695f6c6173745f726567656e65726174657c693a313439393835323434373b),
('86ac92f055718234599b98cc271788bae26b7d8c', '52.27.2.86', 1499846988, 0x5f5f63695f6c6173745f726567656e65726174657c693a313439393834363938383b),
('8e467e2fb3cf97ea60116cdc109e39703313c805', '150.70.173.42', 1499842820, 0x5f5f63695f6c6173745f726567656e65726174657c693a313439393834323832303b),
('90164c4f89c93e3ba3b43b771349de0c827b8015', '50.112.194.65', 1500517496, 0x5f5f63695f6c6173745f726567656e65726174657c693a313530303531373439363b),
('90af0d580e48d544c4b9976fecbc7992edd4ccd7', '150.70.173.52', 1499847097, 0x5f5f63695f6c6173745f726567656e65726174657c693a313439393834373039373b),
('91d6ae40bbc5befea999c5dc75a8d0d64cf78449', '10.1.5.1', 1499769462, 0x5f5f63695f6c6173745f726567656e65726174657c693a313439393736393436323b),
('9270b11f6031c9687e5ee30b67580f7a1f87766e', '150.70.173.6', 1499848105, 0x5f5f63695f6c6173745f726567656e65726174657c693a313439393834383130353b),
('92fd74282590d6f17be9042948bca2607095e081', '150.70.188.177', 1499846946, 0x5f5f63695f6c6173745f726567656e65726174657c693a313439393834363934363b),
('94247020fbc84c60260bd6f392fefeda3811efc4', '10.1.5.1', 1500456593, 0x5f5f63695f6c6173745f726567656e65726174657c693a313530303435363539333b),
('9481fc06fcde9bc4041850a4472392568b57d68e', '150.70.173.43', 1499854995, 0x5f5f63695f6c6173745f726567656e65726174657c693a313439393835343939353b),
('956f2f87d8fd1233ee88534c0976df12e8416096', '50.112.194.65', 1500455755, 0x5f5f63695f6c6173745f726567656e65726174657c693a313530303435353735353b),
('969e1874da5c4bfa6a2cf24461bd54190703981b', '150.70.188.166', 1499850764, 0x5f5f63695f6c6173745f726567656e65726174657c693a313439393835303736343b),
('988f5dfad030bb167fd180f0cd2390fad0f07acc', '10.1.5.1', 1500455703, 0x5f5f63695f6c6173745f726567656e65726174657c693a313530303435353730333b),
('98f2f334776896a71a5e04ab2fd4981a2bfca03a', '50.112.194.65', 1500455754, 0x5f5f63695f6c6173745f726567656e65726174657c693a313530303435353735343b),
('99d6da1afd1bca79b7d533241a2502592e0904e0', '150.70.173.8', 1499849699, 0x5f5f63695f6c6173745f726567656e65726174657c693a313439393834393639393b),
('9ba2a78387737b14ff98c5625f160a6ee332dd1b', '150.70.173.50', 1499851015, 0x5f5f63695f6c6173745f726567656e65726174657c693a313439393835313031353b),
('9bbb927262a6865cce33819f679709452fea901c', '10.1.5.1', 1500435956, 0x5f5f63695f6c6173745f726567656e65726174657c693a313530303433353935363b),
('9bd5f49b1c48e2260f87ab0ef422382341491936', '10.1.5.1', 1500350689, 0x5f5f63695f6c6173745f726567656e65726174657c693a313530303335303638393b),
('9cf551bf392813db21ba7907675e5a831e69e67e', '150.70.188.171', 1499769112, 0x5f5f63695f6c6173745f726567656e65726174657c693a313439393736393131323b),
('9d0b9fe64da352e9b74594b3a790ab2172a30fae', '150.70.188.172', 1499850787, 0x5f5f63695f6c6173745f726567656e65726174657c693a313439393835303738373b),
('9d597a114ea06ddefeaa18335d98fb5d3adc0605', '10.1.5.1', 1500445871, 0x5f5f63695f6c6173745f726567656e65726174657c693a313530303434353837313b),
('a3156df6926be0869d77cc72cd531e66949600d6', '10.1.5.1', 1500517453, 0x5f5f63695f6c6173745f726567656e65726174657c693a313530303531373435333b),
('a615bcdf14c7d7ea1c5808f9cce71f5c3d4b5710', '150.70.173.46', 1499850780, 0x5f5f63695f6c6173745f726567656e65726174657c693a313439393835303738303b),
('a8ad5441233094ca130e64c7ea740a8bf41c7ba4', '150.70.173.50', 1499842758, 0x5f5f63695f6c6173745f726567656e65726174657c693a313439393834323735383b),
('a9d625a61d9d05f215a74af64d7c8e000a6a2fcb', '10.1.5.1', 1499916309, 0x5f5f63695f6c6173745f726567656e65726174657c693a313439393931363330393b),
('ad9c432a68a4af7e6fb512500c146dbb2762d084', '150.70.188.179', 1500446000, 0x5f5f63695f6c6173745f726567656e65726174657c693a313530303434363030303b),
('adb26a26d6aa57f443f75536b752e5a1f85b5701', '150.70.188.168', 1499850039, 0x5f5f63695f6c6173745f726567656e65726174657c693a313439393835303033393b),
('b026b0b2dcdcf79c8683fcbc86c5574a87793b50', '150.70.188.170', 1499847840, 0x5f5f63695f6c6173745f726567656e65726174657c693a313439393834373834303b),
('b108d9e13d77f27c9baf82011458ff6889882094', '150.70.188.169', 1499847789, 0x5f5f63695f6c6173745f726567656e65726174657c693a313439393834373738393b),
('b1b351486b7fcd6b9d2a318340a76c28f1a68a0c', '10.1.5.1', 1500450075, 0x5f5f63695f6c6173745f726567656e65726174657c693a313530303435303037353b),
('b38df44d8263cb02350b08377d556d2ded3db1bc', '150.70.188.175', 1499852782, 0x5f5f63695f6c6173745f726567656e65726174657c693a313439393835323738323b),
('b44915148b5f447b33d19d515288b81e20528884', '10.1.5.1', 1499850244, 0x5f5f63695f6c6173745f726567656e65726174657c693a313439393835303139363b),
('b4c5f93bc8c0e06763c36cd060077a017f58b0d5', '150.70.188.167', 1499855031, 0x5f5f63695f6c6173745f726567656e65726174657c693a313439393835353033313b),
('b8b3d0b9aea14ddedd4927c139500044838668f4', '150.70.188.170', 1499852408, 0x5f5f63695f6c6173745f726567656e65726174657c693a313439393835323430383b),
('b9362657df4bf1f07b76248d16043cc569f4068e', '10.1.5.1', 1499852250, 0x4c4f474745445f494e7c613a373a7b733a323a224944223b733a313a2231223b733a353a22454d41494c223b733a32343a227269746573682e72616e6140632d6d65747269632e636f6d223b733a393a2246495253544e414d45223b733a363a22526974657368223b733a383a224c4153544e414d45223b733a343a2252616e61223b733a393a22524f4c455f54595045223b733a313a2231223b733a383a2254494d455a4f4e45223b733a303a22223b733a31303a2273657373696f6e5f6964223b733a34303a2232393164626537666636653636343031623464396263636436663630633232313330363034616262223b7d6d616368696e655f61737369676e5f646174617c613a363a7b733a393a22736f72746669656c64223b733a33313a22637573746f6d65725f6d616368696e655f696e666f726d6174696f6e5f6964223b733a363a22736f72746279223b733a343a2264657363223b733a31303a2273656172636874657874223b733a303a22223b733a373a2270657270616765223b733a323a223130223b733a31313a227572695f7365676d656e74223b4e3b733a31303a22746f74616c5f726f7773223b693a32313b7d5f5f63695f6c6173745f726567656e65726174657c693a313439393835313932393b),
('bae4e225bc9ba790950e829fb77be38cee73e542', '150.70.188.179', 1499848394, 0x5f5f63695f6c6173745f726567656e65726174657c693a313439393834383339343b),
('bafc0c3c865ad9b0e4d4b002e3e62b911a52aea9', '150.70.173.45', 1499842794, 0x5f5f63695f6c6173745f726567656e65726174657c693a313439393834323739343b),
('bdcc24bcdd1ac37cc05d3d70fffc62b10f6b80a9', '10.1.5.1', 1499768733, 0x5f5f63695f6c6173745f726567656e65726174657c693a313439393736383733333b),
('be1603fe805bf9dedc5e10589147acf5fafc2584', '10.1.5.1', 1500457112, 0x5f5f63695f6c6173745f726567656e65726174657c693a313530303435373131323b),
('bea53df7f7d2e0039f603472530e39a5ffd278fa', '150.70.173.10', 1500973752, 0x5f5f63695f6c6173745f726567656e65726174657c693a313530303937333735323b),
('bec5d00ef82c1a0232fe37fbd39af93bb200467a', '150.70.173.8', 1499849696, 0x5f5f63695f6c6173745f726567656e65726174657c693a313439393834393639363b),
('bf20b5a3b6f2343754f94b05465bb60f0322614d', '150.70.173.52', 1499848526, 0x5f5f63695f6c6173745f726567656e65726174657c693a313439393834383532363b),
('bf71ef50a7d2e4f252125817ff2d4c76086a0a83', '150.70.173.58', 1500347888, 0x5f5f63695f6c6173745f726567656e65726174657c693a313530303334373838383b),
('c22954cfd0b0515b0bc2b414b48144a2f803457e', '150.70.188.178', 1499848537, 0x5f5f63695f6c6173745f726567656e65726174657c693a313439393834383533373b),
('c5fc471b38f42b679f7436b550e4118e38ad9e4d', '52.27.2.86', 1500284681, 0x5f5f63695f6c6173745f726567656e65726174657c693a313530303238343638313b),
('c706b279097c8593e4d58f90320b8a18ee5fe073', '10.1.5.1', 1500435955, 0x5f5f63695f6c6173745f726567656e65726174657c693a313530303433353935353b),
('c970786feb69c610f81f51d6486c8d9c9a94e1b1', '150.70.173.10', 1499842755, 0x5f5f63695f6c6173745f726567656e65726174657c693a313439393834323735353b),
('ce05dfdf7f014181f3210bfd9748b75cb117af16', '10.1.5.1', 1499769016, 0x5f5f63695f6c6173745f726567656e65726174657c693a313439393736393031363b),
('cec867c823d97becdf130953cf4df1ed11567fea', '10.1.5.1', 1500456592, 0x5f5f63695f6c6173745f726567656e65726174657c693a313530303435363539323b),
('d014172395eb70e3a8a32ea9c74d6c888ab834c1', '150.70.173.44', 1499769574, 0x5f5f63695f6c6173745f726567656e65726174657c693a313439393736393537343b),
('d36faf1b0e3b40cb3f46a73a8ac8f9885723ed25', '10.1.5.1', 1499855233, 0x4c4f474745445f494e7c613a373a7b733a323a224944223b733a313a2231223b733a353a22454d41494c223b733a32343a227269746573682e72616e6140632d6d65747269632e636f6d223b733a393a2246495253544e414d45223b733a363a22526974657368223b733a383a224c4153544e414d45223b733a343a2252616e61223b733a393a22524f4c455f54595045223b733a313a2231223b733a383a2254494d455a4f4e45223b733a303a22223b733a31303a2273657373696f6e5f6964223b733a34303a2232393164626537666636653636343031623464396263636436663630633232313330363034616262223b7d6d61696e74656e616e63655f646174617c613a363a7b733a393a22736f72746669656c64223b733a31363a226d2e6d61696e74656e616e63655f6964223b733a363a22736f72746279223b733a343a2264657363223b733a31303a2273656172636874657874223b733a303a22223b733a373a2270657270616765223b733a323a223130223b733a31313a227572695f7365676d656e74223b4e3b733a31303a22746f74616c5f726f7773223b693a353b7d5f5f63695f6c6173745f726567656e65726174657c693a313439393835343733393b),
('d43fd581aa96045a9d2146b8468af8903fef44b9', '150.70.188.175', 1500456655, 0x5f5f63695f6c6173745f726567656e65726174657c693a313530303435363635353b),
('d553d8432288028f4596990345f1eb69d7a2f569', '150.70.173.59', 1499854503, 0x5f5f63695f6c6173745f726567656e65726174657c693a313439393835343530333b),
('d71cac60129a7dc7fc1acf49d180edf10d793606', '150.70.188.179', 1499850052, 0x5f5f63695f6c6173745f726567656e65726174657c693a313439393835303035323b),
('db289fdccfddbdf46b79c4c94e71b88cb008212b', '150.70.173.47', 1499849649, 0x5f5f63695f6c6173745f726567656e65726174657c693a313439393834393634393b),
('dc06914044c9f65003a24ccd001a8aae5feb8cb0', '150.70.188.168', 1499851257, 0x5f5f63695f6c6173745f726567656e65726174657c693a313439393835313235363b),
('e033e6647c18815a327bff387ec49f5be47d97c6', '10.1.5.1', 1500455702, 0x5f5f63695f6c6173745f726567656e65726174657c693a313530303435353730323b),
('e0e06865827fbe9690086dcce44b6d4c9823f342', '150.70.173.9', 1500350774, 0x5f5f63695f6c6173745f726567656e65726174657c693a313530303335303737343b),
('e48170b0c724bc621afdf88c51a9f9e626cd4ca4', '150.70.173.59', 1499769607, 0x5f5f63695f6c6173745f726567656e65726174657c693a313439393736393630373b),
('e8dd453a4efa3023bd46aa2e652f9ee2cc89b3d1', '150.70.173.58', 1499851970, 0x5f5f63695f6c6173745f726567656e65726174657c693a313439393835313937303b),
('e8e7127bb519e32bc9ba4b9093b75c3c48ba7d7c', '10.1.5.1', 1500457263, 0x5f5f63695f6c6173745f726567656e65726174657c693a313530303435373236333b),
('ea69715ab3f0851cb4633389be10f43d91fd8801', '150.70.173.10', 1499855107, 0x5f5f63695f6c6173745f726567656e65726174657c693a313439393835353130373b),
('ee46d5cfb0254c6f2d3439d199e6cdc074ccf828', '150.70.173.59', 1499854442, 0x5f5f63695f6c6173745f726567656e65726174657c693a313439393835343434323b),
('f1cff3261c534a3696047d8ce594942c9576b386', '10.1.5.1', 1499855353, 0x4c4f474745445f494e7c613a373a7b733a323a224944223b733a313a2231223b733a353a22454d41494c223b733a32343a227269746573682e72616e6140632d6d65747269632e636f6d223b733a393a2246495253544e414d45223b733a363a22526974657368223b733a383a224c4153544e414d45223b733a343a2252616e61223b733a393a22524f4c455f54595045223b733a313a2231223b733a383a2254494d455a4f4e45223b733a303a22223b733a31303a2273657373696f6e5f6964223b733a34303a2232393164626537666636653636343031623464396263636436663630633232313330363034616262223b7d6d61696e74656e616e63655f646174617c613a363a7b733a393a22736f72746669656c64223b733a31363a226d2e6d61696e74656e616e63655f6964223b733a363a22736f72746279223b733a343a2264657363223b733a31303a2273656172636874657874223b733a303a22223b733a373a2270657270616765223b733a323a223130223b733a31313a227572695f7365676d656e74223b4e3b733a31303a22746f74616c5f726f7773223b693a353b7d5f5f63695f6c6173745f726567656e65726174657c693a313439393835353233343b),
('f37d64ac178f0172e341c99f677e52cecdb2fe3a', '50.112.194.65', 1500284688, 0x5f5f63695f6c6173745f726567656e65726174657c693a313530303238343638383b),
('f6558fe12c01935bb842eb925ea80d501f6f9cae', '150.70.188.168', 1499848515, 0x5f5f63695f6c6173745f726567656e65726174657c693a313439393834383531353b),
('f6dad2c18979fa6d3f4ee038ffa9d36eb22dba03', '10.1.5.1', 1500350688, 0x5f5f63695f6c6173745f726567656e65726174657c693a313530303335303638383b),
('f79b54f4c619794ed3d150a992d92a8eee2fbf1f', '150.70.173.9', 1500436046, 0x5f5f63695f6c6173745f726567656e65726174657c693a313530303433363034363b),
('f86171293fd2bb689862ad1a11196886855b4bde', '10.1.5.1', 1500457171, 0x5f5f63695f6c6173745f726567656e65726174657c693a313530303435373137313b),
('fa8030875ea3ff392e647c5c9d24b056fdf54398', '10.1.5.1', 1500455731, 0x5f5f63695f6c6173745f726567656e65726174657c693a313530303435353733313b),
('fc2a6056176b04b6ff729ce71ef7f3ecaea92eab', '150.70.173.6', 1499850076, 0x5f5f63695f6c6173745f726567656e65726174657c693a313439393835303037363b),
('fc9a20370ee572c6521e77e42afbae8140ca3563', '52.27.2.86', 1499847043, 0x5f5f63695f6c6173745f726567656e65726174657c693a313439393834373034333b),
('fcea8d88f7ac7cf1fccde93d94d41436251e6ff9', '150.70.173.48', 1499849997, 0x5f5f63695f6c6173745f726567656e65726174657c693a313439393834393939373b),
('ff8a882dd329635203f3df8e2f1a210efd32564c', '10.1.5.1', 1499769461, 0x5f5f63695f6c6173745f726567656e65726174657c693a313439393736393436313b);

-- --------------------------------------------------------

--
-- Table structure for table `nestle_codelookup`
--

CREATE TABLE IF NOT EXISTS `nestle_codelookup` (
  `code_id` int(11) NOT NULL,
  `parent_code_id` int(11) DEFAULT NULL,
  `code_name` varchar(100) NOT NULL,
  `code_description` text NOT NULL,
  `isactive` enum('active','inactive') NOT NULL DEFAULT 'active',
  `created_by` int(11) NOT NULL,
  `craeted_date` datetime NOT NULL,
  `updated_by` int(11) NOT NULL,
  `updated_at` datetime NOT NULL
) ENGINE=MyISAM AUTO_INCREMENT=61 DEFAULT CHARSET=utf16;

--
-- Dumping data for table `nestle_codelookup`
--

INSERT INTO `nestle_codelookup` (`code_id`, `parent_code_id`, `code_name`, `code_description`, `isactive`, `created_by`, `craeted_date`, `updated_by`, `updated_at`) VALUES
(1, NULL, 'hot_cold_type', 'Hot Cold Parent Type', 'active', 1, '2017-03-10 00:00:00', 1, '2017-03-10 00:00:00'),
(2, 1, 'Hot', 'Hot', 'active', 1, '2017-03-10 00:00:00', 1, '2017-03-10 00:00:00'),
(3, 1, 'Cold', 'Cold', 'active', 1, '2017-03-10 00:00:00', 1, '2017-03-10 00:00:00'),
(4, 1, 'Milano', 'Milano', 'active', 1, '2017-03-10 00:00:00', 1, '2017-03-10 00:00:00'),
(5, NULL, 'gen', 'gen', 'active', 1, '2017-03-10 00:00:00', 1, '2017-03-10 00:00:00'),
(6, 5, 'GEN 1', 'GEN 1', 'active', 1, '2017-03-10 00:00:00', 1, '2017-03-10 00:00:00'),
(7, 5, 'GEN 1 Cold', 'GEN 1 Cold', 'active', 1, '2017-03-10 00:00:00', 1, '2017-03-10 00:00:00'),
(8, 5, 'GEN 2', 'GEN 2', 'active', 1, '2017-03-10 00:00:00', 1, '2017-03-10 00:00:00'),
(9, 5, 'GEN 2 Cold', 'GEN 2 Cold', 'active', 1, '2017-03-10 00:00:00', 1, '2017-03-10 00:00:00'),
(10, NULL, 'machine_abb', 'machine_abb', 'active', 1, '2017-03-10 00:00:00', 1, '2017-03-10 00:00:00'),
(11, 10, 'CP', 'CP', 'active', 1, '2017-03-10 00:00:00', 1, '2017-03-10 00:00:00'),
(12, 10, 'AF', 'AF', 'active', 1, '2017-03-10 00:00:00', 1, '2017-03-10 00:00:00'),
(13, NULL, 'machine_mpr', 'machine_mpr', 'active', 1, '2017-03-10 00:00:00', 1, '2017-03-10 00:00:00'),
(14, 13, '350', '350', 'active', 1, '2017-03-10 00:00:00', 1, '2017-03-10 00:00:00'),
(15, 13, '450', '450', 'active', 1, '2017-03-10 00:00:00', 1, '2017-03-10 00:00:00'),
(16, NULL, 'bev_type', 'bev_type', 'active', 1, '2017-03-10 00:00:00', 1, '2017-03-10 00:00:00'),
(17, 16, 'Cold', 'Cold', 'active', 1, '2017-03-10 00:00:00', 1, '2017-03-10 00:00:00'),
(18, 16, 'Nestea', 'Nestea', 'active', 1, '2017-03-10 00:00:00', 1, '2017-03-10 00:00:00'),
(19, NULL, 'machine_status_id', 'Inventory Table Technical Status', 'active', 1, '2017-03-10 00:00:00', 1, '2017-03-10 00:00:00'),
(20, 19, 'Active', 'Active', 'active', 1, '2017-03-15 00:00:00', 1, '2017-03-15 00:00:00'),
(21, 19, 'Available', 'Available', 'active', 1, '2017-03-10 00:00:00', 1, '2017-03-10 00:00:00'),
(22, 19, 'Under Repair', 'Under Repair', 'active', 1, '2017-03-15 00:00:00', 1, '2017-03-15 00:00:00'),
(23, NULL, 'trading_type_id', 'trading_type_id', 'active', 1, '2017-03-15 00:00:00', 1, '2017-03-16 00:00:00'),
(24, 23, 'trading 1', 'trading 1', 'active', 1, '2017-03-10 00:00:00', 1, '2017-03-10 00:00:00'),
(25, 23, 'trading 2', 'trading 2', 'active', 1, '2017-03-10 00:00:00', 1, '2017-03-10 00:00:00'),
(26, 23, 'trading 3', 'trading 3', 'active', 1, '2017-03-10 00:00:00', 1, '2017-03-10 00:00:00'),
(27, 23, 'trading 4', 'trading 4', 'active', 1, '2017-03-10 00:00:00', 1, '2017-03-10 00:00:00'),
(28, NULL, 'inventory_technical_status', 'inventory_technical_status', 'active', 1, '2017-03-10 00:00:00', 1, '2017-03-10 00:00:00'),
(29, 28, 'Technical Status 1', 'Technical Status 1', 'active', 1, '2017-03-10 00:00:00', 1, '2017-03-10 00:00:00'),
(30, 28, 'Technical Status 2', 'Technical Status 2', 'active', 1, '2017-03-10 00:00:00', 1, '2017-03-10 00:00:00'),
(31, NULL, 'collection_order_status', 'Collection Order Status', 'active', 1, '2017-03-10 00:00:00', 1, '2017-03-10 00:00:00'),
(32, 31, 'Open', 'Open', 'active', 1, '2017-03-10 00:00:00', 1, '2017-03-10 00:00:00'),
(33, 31, 'Active', 'Active', 'active', 1, '2017-03-10 00:00:00', 1, '2017-03-10 00:00:00'),
(34, 31, 'OnHold', 'OnHold', 'active', 1, '2017-03-10 00:00:00', 1, '2017-03-10 00:00:00'),
(35, 31, 'Failed', 'Failed', 'active', 1, '2017-03-10 00:00:00', 1, '2017-03-10 00:00:00'),
(36, 31, 'Closed', 'Closed', 'active', 1, '2017-03-10 00:00:00', 1, '2017-03-10 00:00:00'),
(37, NULL, 'serving_size', 'serving size', 'active', 1, '2017-05-22 00:00:00', 1, '2017-05-22 00:00:00'),
(38, 37, '7oz', '7oz', 'active', 1, '2017-05-22 00:00:00', 1, '2017-05-22 00:00:00'),
(39, 37, '9oz', '9oz', 'active', 1, '2017-05-22 00:00:00', 1, '2017-05-22 00:00:00'),
(40, 37, '12oz', '12oz', 'active', 1, '2017-05-22 00:00:00', 1, '2017-05-22 00:00:00'),
(41, NULL, 'pullout_location', 'machine assign form', 'active', 1, '2017-05-25 00:00:00', 1, '2017-05-25 00:00:00'),
(42, 41, 'Pullout Location 1', 'Pullout Location 1', 'active', 1, '2017-03-10 00:00:00', 1, '2017-03-10 00:00:00'),
(43, 41, 'Pullout Location 2', 'Pullout Location 2', 'active', 1, '2017-03-10 00:00:00', 1, '2017-03-10 00:00:00'),
(44, 41, 'Pullout Location 3', 'Pullout Location 3', 'active', 1, '2017-05-22 00:00:00', 1, '2017-03-16 00:00:00'),
(45, 19, 'Dead Machine', 'Dead Machine', 'active', 1, '2017-05-29 00:00:00', 1, '2017-05-29 00:00:00'),
(46, 19, 'Lost Machine', 'Lost Machine', 'active', 1, '2017-05-29 00:00:00', 1, '2017-05-29 00:00:00'),
(47, NULL, 'warehouse_location', 'warehouse_location', 'active', 1, '2017-03-10 00:00:00', 1, '2017-05-30 00:00:00'),
(48, 47, 'warehouse location 1', 'warehouse location 1', 'active', 1, '2017-05-30 00:00:00', 1, '2017-05-30 00:00:00'),
(49, 47, 'warehouse location 2', 'warehouse location 2', 'active', 1, '2017-05-30 00:00:00', 1, '2017-05-30 00:00:00'),
(50, 47, 'warehouse location 3', 'warehouse location 3', 'active', 1, '2017-05-30 00:00:00', 1, '2017-05-30 00:00:00'),
(51, NULL, 'delivery_order_status', 'Delivery Order Status', 'active', 1, '2017-06-09 00:00:00', 1, '2017-06-09 00:00:00'),
(52, 51, 'In Progress', 'In Progress', 'active', 1, '2017-06-09 00:00:00', 1, '2017-05-30 00:00:00'),
(53, 51, 'Successfully delivered', 'Successfully delivered', 'active', 1, '2017-03-10 00:00:00', 1, '2017-06-09 00:00:00'),
(54, 51, 'Hold', 'Hold', 'active', 1, '2017-06-09 00:00:00', 1, '2017-06-09 00:00:00'),
(55, 51, 'Rescheduled', 'Rescheduled', 'active', 1, '2017-03-10 00:00:00', 1, '2017-06-09 00:00:00'),
(56, 51, 'Failed Delivery', 'Failed Delivery', 'active', 1, '2017-06-09 00:00:00', 1, '2017-06-09 00:00:00'),
(57, NULL, 'priority', 'priority', 'active', 1, '2017-07-12 00:00:00', 1, '2017-07-12 00:00:00'),
(58, 57, 'Priority 1', 'Priority 1', 'active', 1, '2017-07-12 00:00:00', 1, '2017-05-30 00:00:00'),
(59, 57, 'Priority 2', 'Priority 2', 'active', 1, '2017-07-12 00:00:00', 1, '2017-05-30 00:00:00'),
(60, 57, 'Priority 3', 'Priority 3', 'active', 1, '2017-07-12 00:00:00', 1, '2017-05-30 00:00:00');

-- --------------------------------------------------------

--
-- Table structure for table `nestle_collection_order`
--

CREATE TABLE IF NOT EXISTS `nestle_collection_order` (
  `collection_id` int(11) NOT NULL,
  `collection_order_id` varchar(50) DEFAULT NULL,
  `delivery_order_id` int(11) DEFAULT NULL,
  `customer_id` int(11) DEFAULT NULL,
  `customer_name_id` int(11) NOT NULL,
  `sr_number_installation` int(11) NOT NULL,
  `collection_order_status` int(11) DEFAULT NULL,
  `payment_terms_id` int(11) NOT NULL,
  `contact_person` varchar(100) DEFAULT NULL,
  `contact_number` varchar(15) DEFAULT NULL,
  `sales_representative` varchar(100) DEFAULT NULL,
  `co_date_time` datetime DEFAULT NULL,
  `last_due_date_time` datetime DEFAULT NULL,
  `comments` text,
  `pickup_location` text,
  `partial_collection_amount` int(11) DEFAULT NULL,
  `collection_trip_failed` enum('yes','no') NOT NULL DEFAULT 'no',
  `reason_for_payment` text,
  `zone` int(11) NOT NULL,
  `attachments` varchar(100) DEFAULT NULL,
  `location_attachments` varchar(255) DEFAULT NULL,
  `is_delete` enum('0','1') CHARACTER SET latin1 NOT NULL DEFAULT '0',
  `created_by` int(11) NOT NULL,
  `created_at` datetime NOT NULL,
  `updated_by` int(11) NOT NULL,
  `updated_at` datetime NOT NULL
) ENGINE=MyISAM AUTO_INCREMENT=11 DEFAULT CHARSET=utf16;

--
-- Dumping data for table `nestle_collection_order`
--

INSERT INTO `nestle_collection_order` (`collection_id`, `collection_order_id`, `delivery_order_id`, `customer_id`, `customer_name_id`, `sr_number_installation`, `collection_order_status`, `payment_terms_id`, `contact_person`, `contact_number`, `sales_representative`, `co_date_time`, `last_due_date_time`, `comments`, `pickup_location`, `partial_collection_amount`, `collection_trip_failed`, `reason_for_payment`, `zone`, `attachments`, `location_attachments`, `is_delete`, `created_by`, `created_at`, `updated_by`, `updated_at`) VALUES
(1, 'CO_284635', 1, 18, 5, 8, 36, 2, 'Irad OrtiJr', '8686656566', '6', '2017-06-03 15:24:00', '2017-06-05 15:24:00', 'This is pickup test.', 'riyad street old', 0, 'yes', '', 2, 'images.jpg', '', '1', 6, '2017-06-02 12:55:25', 1, '2017-07-10 16:22:16'),
(2, 'CO_729361', 1, 2, 5, 8, 32, 1, 'Jimmy Quinn', '886885665', '6', '2017-06-30 15:40:00', '2017-06-12 15:40:00', 'This is pickup stand 1', 'Riyad old city', 1, 'yes', '1', 2, 'images.jpg', 'index.jpg', '1', 6, '2017-06-02 13:10:58', 1, '2017-06-30 13:03:41'),
(3, 'CO_741501', 1, 2, 2, 11, 32, 2, 'Milan tieds', '74654654', '6', '2017-05-10 16:54:00', '2017-06-12 16:54:00', 'This is colected', 'dubai', 200, 'no', 'this sample test', 0, NULL, NULL, '1', 6, '2017-06-02 14:25:29', 1, '2017-06-30 12:39:45'),
(4, 'CO_380334', 1, 4, 4, 12, 36, 1, 'himal', '455555', '5', '2017-06-30 11:59:00', '2017-06-27 11:59:00', 'test', 'amd', 0, 'yes', '', 0, NULL, NULL, '1', 5, '2017-06-23 09:30:05', 1, '2017-06-30 12:57:58'),
(5, 'CO_794188', 1, 11, 11, 9, 32, 1, 'himal', '455555', '1', '2017-06-30 11:59:00', '2017-06-30 11:43:00', '', 'amd', 0, 'yes', '', 0, NULL, NULL, '1', 1, '2017-06-30 09:13:47', 1, '2017-06-30 09:15:10'),
(6, 'CO_725176', 1, 11, 11, 9, 36, 2, 'himal', '455555', '1', '2017-06-07 15:39:00', '2017-06-27 11:59:00', '', 'amd', 0, 'yes', '', 0, NULL, NULL, '0', 1, '2017-06-30 13:09:52', 1, '2017-06-30 13:11:26'),
(7, 'CO_592765', 1, 11, 11, 9, 32, 2, 'himal', '2345', '1', '2017-07-05 11:41:00', '2017-07-06 11:41:00', '', 'ahmedabad', 0, 'yes', '33', 0, 'Evenquotes CDC 2017 - UK.pdf', 'change label.png', '0', 1, '2017-07-05 09:11:24', 1, '2017-07-05 16:55:58'),
(8, 'CO_046491', 1, 9, 9, 9, 36, 6, 'newperson', '9876', '1', '2017-07-05 14:02:00', '2017-07-06 11:41:00', '', '', 0, 'yes', '', 0, NULL, NULL, '0', 1, '2017-07-05 11:32:58', 1, '2017-07-10 16:21:44'),
(9, 'CO_265767', 1, 10, 10, 8, 32, 1, 'himal', '4545', '1', '2017-07-07 19:08:00', '2017-06-27 11:59:00', '', 'amd', 22, 'yes', '22', 4, 'Evenquotes CDC 2017 - UK.pdf', 'LeaveRequestProject_BugReport 05-05.xlsx', '0', 1, '2017-07-07 16:39:05', 1, '2017-07-07 16:40:27'),
(10, 'CO_712577', 1, 9, 9, 9, 33, 2, 'Samjohnson', '00248978456', '1', '2017-07-11 16:57:00', '2017-07-16 16:57:00', 'test', 'dubai street', 2000, 'yes', 'gfgn', 0, NULL, NULL, '0', 1, '2017-07-10 14:28:32', 1, '2017-07-10 14:28:32');

-- --------------------------------------------------------

--
-- Table structure for table `nestle_config`
--

CREATE TABLE IF NOT EXISTS `nestle_config` (
  `config_key` varchar(255) NOT NULL,
  `value` text NOT NULL
) ENGINE=InnoDB DEFAULT CHARSET=utf8;

--
-- Dumping data for table `nestle_config`
--

INSERT INTO `nestle_config` (`config_key`, `value`) VALUES
('allowed_files', 'gif|jpg|png|pdf|doc|txt|docx|xls|zip|rar'),
('allow_client_registration', 'TRUE'),
('automatic_email_on_recur', 'TRUE'),
('base_url', ''),
('campaign_monitor_configuration', '{"newsleeter_type":"2","api_key":"27e383834587672b25b1a8867283457b"}'),
('company_profile_image', ''),
('dashboard_pm_widgets', '{"widgetOrder":["toDoWidget","projectStatWidget","taskStatWidget","summaryWidget","recentActivitiesWidget","fileUsageWidget"]} '),
('dashboard_widgets', '{"sectionLeft":["position-left-top","position-left-bottom"],"sectionRight":["position-right-top","position-right-bottom"]}'),
('datetime_format', 'm/d/Y H:i:s'),
('date_format', 'm/d/Y'),
('demo_mode', 'FALSE'),
('developer', 'ig63Yd/+yuA8127gEyTz9TY4pnoeKq8dtocVP44+BJvtlRp8Vqcetwjk51dhSB6Rx8aVIKOPfUmNyKGWK7C/gg=='),
('email', 'info@c-metric.com'),
('email_notification_settings', ''),
('email_settings', '{"id":"1","company_email":"cmswtest101@gmail.com","email_protocol":"smtp","smtp_host":"ssl:\\/\\/smtp.gmail.com","smtp_user":"cmswtest101@gmail.com","smtp_pass":"Test@123","smtp_port":" 465"}'),
('facebook_app_id', '975060385916925'),
('facebook_app_secret', '4957620507ecbf07e02f7a40ea28b926'),
('facebook_page_id', '1401983436714324'),
('facebook_page_url', 'https://www.facebook.com/Horecaspot'),
('general_settings', '{"city":"Gandhinagar","state":"Gujarat","pincode":"380052","country_id":"101","telephone1":"079 61905100","telephone2":"","company_name":"C-Metric","address1":"Infocity","address2":"","company_street":null,"default_currency":"101","profile_photo":""}'),
('get_response_configuration', '{"newsleeter_type":"4","api_key":"48665543b7f194513e43c5f306e50138"}'),
('google_analytics_settings', '{"application_name":"rk0078","service_account_email":"rk0079@web-api-1254.iam.gserviceaccount.com","google_app_credentials":"web_api.json"}'),
('hidden_img_name', ''),
('language', 'english'),
('linkedin_api_key', '75qdwdkxx05h1n'),
('linkedin_company_id', ''),
('mailchimp_configuration', '{"newsleeter_type":"1","api_key":"089ffb28c2d3014b747b6f59a03ea98e-us14"}'),
('meta_author', 'C-Metric'),
('meta_contact', 'info@c-metric.com'),
('meta_description', 'description'),
('meta_keywords', 'keyword'),
('moosend_configuration', '{"newsleeter_type":"3","api_key":"b59949e2-0da7-406e-b79a-60c5ffbda045"}'),
('newsletter_type', '1'),
('project_logo', 'logo.png'),
('project_name', 'CM-CRM'),
('twitter_username', 'c_metric'),
('website_email', 'hardik.dwivedi@c-metric.com'),
('website_name', 'c-metric.com'),
('youtube_channel_id', '');

-- --------------------------------------------------------

--
-- Table structure for table `nestle_countries`
--

CREATE TABLE IF NOT EXISTS `nestle_countries` (
  `country_id` int(11) NOT NULL,
  `country_name` varchar(250) NOT NULL,
  `country_code` varchar(255) NOT NULL,
  `currency_name` varchar(100) DEFAULT NULL,
  `currency_code` varchar(100) DEFAULT NULL,
  `currency_symbol` text CHARACTER SET utf8 COLLATE utf8_bin NOT NULL,
  `use_status` tinyint(4) DEFAULT NULL,
  `country_status` tinyint(4) NOT NULL DEFAULT '0' COMMENT '0 - InActive, 1-Active ',
  `is_delete_currency` tinyint(4) NOT NULL DEFAULT '0',
  `currency_amount` double(10,4) NOT NULL
) ENGINE=InnoDB AUTO_INCREMENT=243 DEFAULT CHARSET=latin1;

--
-- Dumping data for table `nestle_countries`
--

INSERT INTO `nestle_countries` (`country_id`, `country_name`, `country_code`, `currency_name`, `currency_code`, `currency_symbol`, `use_status`, `country_status`, `is_delete_currency`, `currency_amount`) VALUES
(1, 'Afghanistan', 'AF', NULL, 'AFN', '', NULL, 0, 0, 0.9875),
(2, 'Aringland Islands', '', NULL, 'USD', '', NULL, 0, 0, 0.0150),
(3, 'Albania', 'AL', NULL, 'ALL', '', NULL, 0, 0, 1.8717),
(4, 'Algeria', 'DZ', NULL, 'DZD', '', NULL, 0, 0, 1.6531),
(5, 'American Samoa', 'AS', NULL, 'USD', '', NULL, 0, 0, 0.0150),
(6, 'Andorra', 'AD', NULL, 'EUR', '', NULL, 0, 0, 0.0137),
(7, 'Angola', 'AO', NULL, 'AOA', '', NULL, 0, 0, 2.4810),
(8, 'Anguilla', 'AI', NULL, 'XCD', '', NULL, 0, 0, 0.0404),
(9, 'Antarctica', 'AQ', NULL, 'XCD', '', NULL, 0, 0, 0.0404),
(10, 'Antigua and Barbuda', 'AG', NULL, 'XCD', '', NULL, 0, 0, 0.0404),
(11, 'Argentina', 'AR', NULL, 'ARS', '', NULL, 0, 0, 0.2271),
(12, 'Armenia', 'AM', NULL, 'AMD', '', NULL, 0, 0, 7.1141),
(13, 'Aruba', 'AW', NULL, 'AWG', '', NULL, 0, 0, 0.0268),
(14, 'Australia', 'AU', NULL, 'AUD', '', NULL, 0, 0, 0.0196),
(15, 'Austria', 'AT', NULL, 'EUR', '', NULL, 0, 0, 0.0137),
(16, 'Azerbaijan', 'AZ', NULL, 'AZN', '', NULL, 0, 0, 0.0244),
(17, 'Bahamas', 'BS', NULL, 'BSD', '', NULL, 0, 0, 0.0150),
(18, 'Bahrain', 'BH', NULL, 'BHD', '', NULL, 0, 0, 0.0056),
(19, 'Bangladesh', 'BD', NULL, 'BDT', '', NULL, 0, 0, 1.1752),
(20, 'Barbados', 'BB', NULL, 'BBD', '', NULL, 0, 0, 0.0299),
(21, 'Belarus', 'BY', NULL, 'BYR', '', NULL, 0, 0, 300.8737),
(22, 'Belgium', 'BE', NULL, 'EUR', '', NULL, 0, 0, 0.0137),
(23, 'Belize', 'BZ', NULL, 'BZD', '', NULL, 0, 0, 0.0301),
(24, 'Benin', 'BJ', NULL, 'XOF', '', NULL, 0, 0, 9.0207),
(25, 'Bermuda', 'BM', NULL, 'BMD', '', NULL, 0, 0, 0.0150),
(26, 'Bhutan', 'BT', NULL, 'BTN', '', NULL, 0, 0, 1.0009),
(27, 'Bolivia', 'BO', NULL, 'BOB', '', NULL, 0, 0, 0.1037),
(28, 'Bosnia and Herzegovina', 'BA', NULL, 'BAM', '', NULL, 0, 0, 0.0269),
(29, 'Botswana', 'BW', NULL, 'BWP', '', NULL, 0, 0, 0.1603),
(30, 'Bouvet Island', 'BV', NULL, 'NOK', '', NULL, 0, 0, 0.1231),
(31, 'Brazil', 'BR', NULL, 'BRL', '', NULL, 0, 0, 0.0472),
(32, 'British Indian Ocean territory', 'IO', NULL, 'USD', '', NULL, 0, 0, 0.0150),
(33, 'Brunei Darussalam', 'BN', NULL, 'BND', '', NULL, 0, 0, 0.0208),
(34, 'Bulgaria', 'BG', NULL, 'BGN', '', NULL, 0, 0, 0.0269),
(35, 'Burkina Faso', 'BF', NULL, 'XOF', '', NULL, 0, 0, 9.0207),
(36, 'Burundi', 'BI', NULL, 'BIF', '', NULL, 0, 0, 25.0355),
(37, 'Cambodia', 'KH', NULL, 'KHR', '', NULL, 0, 0, 61.1634),
(38, 'Cameroon', 'CM', NULL, 'XAF', '', NULL, 0, 0, 9.0206),
(39, 'Canada', 'CA', NULL, 'CAD', '', NULL, 0, 0, 0.0200),
(40, 'Cape Verde', 'CV', NULL, 'CVE', '', NULL, 0, 0, 1.5177),
(41, 'Cayman Islands', 'KY', NULL, 'KYD', '', NULL, 0, 0, 0.0123),
(42, 'Central African Republic', 'CF', NULL, 'XAF', '', NULL, 0, 0, 9.0206),
(43, 'Chad', 'TD', NULL, 'XAF', '', NULL, 0, 0, 9.0206),
(44, 'Chile', 'CL', NULL, 'CLP', '', NULL, 0, 0, 9.9796),
(45, 'China', 'CN', NULL, 'CNY', '', NULL, 0, 0, 0.1012),
(46, 'Christmas Island', 'CX', NULL, 'AUD', '', NULL, 0, 0, 0.0196),
(47, 'Cocos (Keeling) Islands', 'CC', NULL, 'AUD', '', NULL, 0, 0, 0.0196),
(48, 'Colombia', 'CO', NULL, 'COP', '', NULL, 0, 0, 43.8554),
(49, 'Comoros', 'KM', NULL, 'KMF', '', NULL, 0, 0, 6.7654),
(50, 'Congo', 'CG', NULL, 'XAF', '', NULL, 0, 0, 9.0206),
(51, 'Congo', 'CG', NULL, 'XAF', '', NULL, 0, 0, 9.0206),
(52, ' Democratic Republic', '', NULL, 'CDF', '', NULL, 0, 0, 14.5347),
(53, 'Cook Islands', 'CK', NULL, 'NZD', '', NULL, 0, 0, 0.0209),
(54, 'Costa Rica', 'CR', NULL, 'CRC', '', NULL, 0, 0, 8.2853),
(55, 'Ivory Coast (Ivory Coast)', 'CI', NULL, 'XOF', '', NULL, 0, 0, 9.0207),
(56, 'Croatia (Hrvatska)', 'HR', NULL, 'HRK', '', NULL, 0, 0, 0.1033),
(57, 'Cuba', 'CU', NULL, 'CUP', '', NULL, 0, 0, 0.0150),
(58, 'Cyprus', 'CY', NULL, 'CYP', '', NULL, 0, 0, 0.0000),
(59, 'Czech Republic', 'CZ', NULL, 'CZK', '', NULL, 0, 0, 0.3715),
(60, 'Denmark', 'DK', NULL, 'DKK', '', NULL, 0, 0, 0.1023),
(61, 'Djibouti', 'DJ', NULL, 'DJF', '', NULL, 0, 0, 2.6741),
(62, 'Dominica', 'DM', NULL, 'XCD', '', NULL, 0, 0, 0.0404),
(63, 'Dominican Republic', 'DO', NULL, 'DOP', '', NULL, 0, 0, 0.6920),
(64, 'East Timor', 'TP', NULL, 'IDR', '', NULL, 0, 0, 194.9115),
(65, 'Ecuador', 'EC', NULL, 'ECS', '', NULL, 0, 0, 0.0000),
(66, 'Egypt', 'EG', NULL, 'EGP', '', NULL, 0, 0, 0.1329),
(67, 'El Salvador', 'SV', NULL, 'SVC', '', NULL, 0, 0, 0.1306),
(68, 'Equatorial Guinea', 'GQ', NULL, 'XAF', '', NULL, 0, 0, 9.0206),
(69, 'Eritrea', 'ER', NULL, 'ETB', '', NULL, 0, 0, 0.3329),
(70, 'Estonia', 'EE', NULL, 'EEK', '', NULL, 0, 0, 0.0000),
(71, 'Ethiopia', 'ET', NULL, 'ETB', '', NULL, 0, 0, 0.3329),
(72, 'Falkland Islands', 'FK', NULL, 'FKP', '', NULL, 0, 0, 0.0122),
(73, 'Faroe Islands', 'FO', NULL, 'DKK', '', NULL, 0, 0, 0.1023),
(74, 'Fiji', 'FJ', NULL, 'FJD', '', NULL, 0, 0, 0.0309),
(75, 'Finland', 'FI', NULL, 'EUR', '', NULL, 0, 0, 0.0137),
(76, 'France', 'FR', NULL, 'EUR', '', NULL, 0, 0, 0.0137),
(77, 'French Guiana', 'GF', NULL, 'EUR', '', NULL, 0, 0, 0.0137),
(78, 'French Polynesia', 'PF', NULL, 'XPF', '', NULL, 0, 0, 1.6410),
(79, 'French Southern Territories', 'TF', NULL, 'EUR', '', NULL, 0, 0, 0.0137),
(80, 'Gabon', 'GA', NULL, 'XAF', '', NULL, 0, 0, 9.0206),
(81, 'Gambia', 'GM', NULL, 'GMD', '', NULL, 0, 0, 0.6388),
(82, 'Georgia', 'GE', NULL, 'GEL', '', NULL, 0, 0, 0.0354),
(83, 'Germany', 'DE', NULL, 'EUR', '', NULL, 1, 0, 0.0137),
(84, 'Ghana', 'GH', NULL, 'GHS', '', NULL, 0, 0, 0.0599),
(85, 'Gibraltar', 'GI', NULL, 'GIP', '', NULL, 0, 0, 0.0115),
(86, 'Greece', 'GR', NULL, 'EUR', '', NULL, 0, 0, 0.0137),
(87, 'Greenland', 'GL', NULL, 'DKK', '', NULL, 0, 0, 0.1023),
(88, 'Grenada', 'GD', NULL, 'XCD', '', NULL, 0, 0, 0.0404),
(89, 'Guadeloupe', 'GP', NULL, 'EUR', '', NULL, 0, 0, 0.0137),
(90, 'Guam', 'GU', NULL, 'USD', '', NULL, 0, 0, 0.0150),
(91, 'Guatemala', 'GT', NULL, 'GTQ', '', NULL, 0, 0, 0.1121),
(92, 'Guinea', 'GN', NULL, 'GNF', '', NULL, 0, 0, 136.4216),
(93, 'Guinea-Bissau', 'GW', NULL, 'GWP', '', NULL, 0, 0, 0.0000),
(94, 'Guyana', 'GY', NULL, 'GYD', '', NULL, 0, 0, 3.1017),
(95, 'Haiti', 'HT', NULL, 'HTG', '', NULL, 0, 0, 0.9888),
(96, 'Heard and McDonald Islands', 'HM', NULL, 'AUD', '', NULL, 0, 0, 0.0196),
(97, 'Honduras', 'HN', NULL, 'HNL', '', NULL, 0, 0, 0.3455),
(98, 'Hong Kong', 'HK', NULL, 'HKD', '', NULL, 0, 0, 0.1161),
(99, 'Hungary', 'HU', NULL, 'HUF', '', NULL, 0, 0, 4.2344),
(100, 'Iceland', 'IS', NULL, 'ISK', '', NULL, 0, 0, 1.7183),
(101, 'India', 'IN', 'RS', 'INR', '', 1, 1, 0, 1.0000),
(102, 'Indonesia', 'ID', NULL, 'IDR', '', NULL, 0, 0, 194.9115),
(103, 'Iran', 'IR', NULL, 'IRR', '', NULL, 0, 0, 474.8937),
(104, 'Iraq', 'IQ', NULL, 'IQD', '', NULL, 0, 0, 17.4759),
(105, 'Ireland', 'IE', NULL, 'EUR', '', NULL, 0, 0, 0.0137),
(106, 'Israel', 'IL', NULL, 'ILS', '', NULL, 0, 0, 0.0578),
(107, 'Italy', 'IT', NULL, 'EUR', '', NULL, 0, 0, 0.0137),
(108, 'Jamaica', 'JM', NULL, 'JMD', '', NULL, 0, 0, 1.9232),
(109, 'Japan', 'JP', NULL, 'JPY', '', NULL, 0, 0, 1.5547),
(110, 'Jordan', 'JO', NULL, 'JOD', '', NULL, 0, 0, 0.0106),
(111, 'Kazakhstan', 'KZ', NULL, 'KZT', '', NULL, 0, 0, 4.9701),
(112, 'Kenya', 'KE', NULL, 'KES', '', NULL, 0, 0, 1.5176),
(113, 'Kiribati', 'KI', NULL, 'AUD', '', NULL, 0, 0, 0.0196),
(114, 'Korea (north)', 'KP', NULL, 'KPW', '', NULL, 0, 0, 13.4700),
(115, 'Korea (south)', 'KR', NULL, 'KRW', '', NULL, 0, 0, 16.9207),
(116, 'Kuwait', 'KW', NULL, 'KWD', '', NULL, 0, 0, 0.0045),
(117, 'Kyrgyzstan', 'KG', NULL, 'KGS', '', NULL, 0, 0, 1.0192),
(118, 'Lao People''s Democratic Republic', 'LA', NULL, 'LAK', '', NULL, 0, 0, 121.7991),
(119, 'Latvia', 'LV', NULL, 'LVL', '', NULL, 0, 0, 0.0093),
(120, 'Lebanon', 'LB', NULL, 'LBP', '', NULL, 0, 0, 22.6015),
(121, 'Lesotho', 'LS', NULL, 'LSL', '', NULL, 0, 0, 0.2085),
(122, 'Liberia', 'LR', NULL, 'LRD', '', NULL, 0, 0, 1.3620),
(123, 'Libyan Arab Jamahiriya', 'LY', NULL, 'LYD', '', NULL, 0, 0, 0.0210),
(124, 'Liechtenstein', 'LI', NULL, 'CHF', '', NULL, 0, 0, 0.0149),
(125, 'Lithuania', 'LT', NULL, 'LTL', '', NULL, 0, 0, 0.0456),
(126, 'Luxembourg', 'LU', NULL, 'EUR', '', NULL, 0, 0, 0.0137),
(127, 'Macao', 'MO', NULL, 'MOP', '', NULL, 0, 0, 0.1196),
(128, 'Macedonia', 'MK', NULL, 'MKD', '', NULL, 0, 0, 0.8466),
(129, 'Madagascar', 'MG', NULL, 'MGF', '', NULL, 0, 0, 0.0000),
(130, 'Malawi', 'MW', NULL, 'MWK', '', NULL, 0, 0, 10.7932),
(131, 'Malaysia', 'MY', NULL, 'MYR', '', NULL, 0, 0, 0.0624),
(132, 'Maldives', 'MV', NULL, 'MVR', '', NULL, 0, 0, 0.2297),
(133, 'Mali', 'ML', NULL, 'XOF', '', NULL, 0, 0, 9.0207),
(134, 'Malta', 'MT', NULL, 'MTL', '', NULL, 0, 0, 0.0000),
(135, 'Marshall Islands', 'MH', NULL, 'USD', '', NULL, 0, 0, 0.0150),
(136, 'Martinique', 'MQ', NULL, 'EUR', '', NULL, 0, 0, 0.0137),
(137, 'Mauritania', 'MR', NULL, 'MRO', '', NULL, 0, 0, 5.3633),
(138, 'Mauritius', 'MU', NULL, 'MUR', '', NULL, 0, 0, 0.5361),
(139, 'Mayotte', 'YT', NULL, 'EUR', '', NULL, 0, 0, 0.0137),
(140, 'Mexico', 'MX', NULL, 'MXN', '', NULL, 0, 0, 0.2771),
(141, 'Micronesia', 'FM', NULL, 'USD', '', NULL, 0, 0, 0.0150),
(142, 'Moldova', 'MD', NULL, 'MDL', '', NULL, 0, 0, 0.2997),
(143, 'Monaco', 'MC', NULL, 'EUR', '', NULL, 0, 0, 0.0137),
(144, 'Mongolia', 'MN', NULL, 'MNT', '', NULL, 0, 0, 34.8779),
(145, 'Montserrat', 'MS', NULL, 'XCD', '', NULL, 0, 0, 0.0404),
(146, 'Morocco', 'MA', NULL, 'MAD', '', NULL, 0, 0, 0.1483),
(147, 'Mozambique', 'MZ', NULL, 'MZN', '', NULL, 0, 0, 1.1721),
(148, 'Myanmar', 'MM', NULL, 'MMK', '', NULL, 0, 0, 19.2341),
(149, 'Namibia', 'NA', NULL, 'NAD', '', NULL, 0, 0, 0.2084),
(150, 'Nauru', 'NR', NULL, 'AUD', '', NULL, 0, 0, 0.0196),
(151, 'Nepal', 'NP', NULL, 'NPR', '', NULL, 0, 0, 1.6004),
(152, 'Netherlands', 'NL', 'Euro', 'EUR', '&euro; ', 1, 1, 1, 0.0137),
(153, 'Netherlands Antilles', 'AN', NULL, 'ANG', '', NULL, 0, 0, 0.0268),
(154, 'New Caledonia', 'NC', NULL, 'XPF', '', NULL, 0, 0, 1.6410),
(155, 'New Zealand', 'NZ', NULL, 'NZD', '', NULL, 0, 0, 0.0209),
(156, 'Nicaragua', 'NI', NULL, 'NIO', '', NULL, 0, 0, 0.4347),
(157, 'Niger', 'NE', NULL, 'XOF', '', NULL, 0, 0, 9.0207),
(158, 'Nigeria', 'NG', NULL, 'NGN', '', NULL, 0, 0, 4.7085),
(159, 'Niue', 'NU', NULL, 'NZD', '', NULL, 0, 0, 0.0209),
(160, 'Norfolk Island', 'NF', NULL, 'AUD', '', NULL, 0, 0, 0.0196),
(161, 'Northern Mariana Islands', 'MP', NULL, 'USD', '', NULL, 0, 0, 0.0150),
(162, 'Norway', 'NO', NULL, 'NOK', '', NULL, 0, 0, 0.1231),
(163, 'Oman', 'OM', NULL, 'OMR', '', NULL, 0, 0, 0.0058),
(164, 'Pakistan', 'PK', NULL, 'PKR', '', NULL, 0, 0, 1.5675),
(165, 'Palau', 'PW', NULL, 'USD', '', NULL, 0, 0, 0.0150),
(166, 'Palestinian Territories', '', NULL, 'JOD', '', NULL, 0, 0, 0.0106),
(167, 'Panama', 'PA', NULL, 'PAB', '', NULL, 0, 0, 0.0150),
(168, 'Papua New Guinea', 'PG', NULL, 'PGK', '', NULL, 0, 0, 0.0474),
(169, 'Paraguay', 'PY', NULL, 'PYG', '', NULL, 0, 0, 84.8948),
(170, 'Peru', 'PE', NULL, 'PEN', '', NULL, 0, 0, 0.0502),
(171, 'Philippines', 'PH', NULL, 'PHP', '', NULL, 0, 0, 0.7206),
(172, 'Pitcairn', 'PN', NULL, 'NZD', '', NULL, 0, 0, 0.0209),
(173, 'Poland', 'PL', NULL, 'PLN', '', NULL, 0, 0, 0.0594),
(174, 'Portugal', 'PT', NULL, 'EUR', '', NULL, 0, 0, 0.0137),
(175, 'Puerto Rico', 'PR', NULL, 'USD', '', NULL, 0, 0, 0.0150),
(176, 'Qatar', 'QA', NULL, 'QAR', '', NULL, 0, 0, 0.0545),
(177, 'Runion', 'RE', NULL, 'EUR', '', NULL, 0, 0, 0.0137),
(178, 'Romania', 'RO', NULL, 'RON', '', NULL, 0, 0, 0.0619),
(179, 'Russian Federation', 'RU', 'Rouble', 'RUB', '&#x20b1;', 1, 1, 1, 0.9304),
(180, 'Rwanda', 'RW', NULL, 'RWF', '', NULL, 0, 0, 12.0853),
(181, 'Saint Helena', 'SH', NULL, 'GBP', '', NULL, 0, 0, 0.0122),
(182, 'Saint Kitts and Nevis', 'KN', NULL, 'XCD', '', NULL, 0, 0, 0.0404),
(183, 'Saint Lucia', 'LC', NULL, 'XCD', '', NULL, 0, 0, 0.0404),
(184, 'Saint Pierre and Miquelon', 'PM', NULL, 'EUR', '', NULL, 0, 0, 0.0137),
(185, 'Saint Vincent and the Grenadines', 'VC', NULL, 'XCD', '', NULL, 0, 0, 0.0404),
(186, 'Samoa', 'WS', NULL, 'EUR', '', NULL, 0, 0, 0.0137),
(187, 'San Marino', 'SM', NULL, 'EUR', '', NULL, 0, 0, 0.0137),
(188, 'Sao Tome and Principe', 'ST', NULL, 'STD', '', NULL, 0, 0, 336.8639),
(189, 'Saudi Arabia', 'SA', NULL, 'SAR', '', NULL, 0, 0, 0.0561),
(190, 'Senegal', 'SN', NULL, 'XOF', '', NULL, 0, 0, 9.0207),
(191, 'Serbia and Montenegro', '', NULL, 'RSD', '', NULL, 0, 0, 1.6931),
(192, 'Seychelles', 'SC', NULL, 'SCR', '', NULL, 0, 0, 0.1995),
(193, 'Sierra Leone', 'SL', NULL, 'SLL', '', NULL, 0, 0, 84.4460),
(194, 'Singapore', 'SG', NULL, 'SGD', '', NULL, 0, 0, 0.0208),
(195, 'Slovakia', 'SK', NULL, 'SKK', '', NULL, 0, 0, 0.3755),
(196, 'Slovenia', 'SI', NULL, 'EUR', '', NULL, 0, 0, 0.0137),
(197, 'Solomon Islands', 'SB', NULL, 'SBD', '', NULL, 0, 0, 0.1163),
(198, 'Somalia', 'SO', NULL, 'SOS', '', NULL, 0, 0, 8.6615),
(199, 'South Africa', 'ZA', NULL, 'ZAR', '', NULL, 0, 0, 0.2077),
(200, 'South Georgia and the South Sandwich Islands', 'GS', NULL, 'GBP', '', NULL, 0, 0, 0.0122),
(201, 'Spain', 'ES', NULL, 'EUR', '', NULL, 0, 0, 0.0137),
(202, 'Sri Lanka', 'LK', NULL, 'LKR', '', NULL, 0, 0, 2.2079),
(203, 'Sudan', 'SD', NULL, 'SDG', '', NULL, 0, 0, 0.0951),
(204, 'Suriname', 'SR', NULL, 'SRD', '', NULL, 0, 0, 0.1044),
(205, 'Svalbard and Jan Mayen Islands', 'SJ', NULL, 'NOK', '', NULL, 0, 0, 0.1231),
(206, 'Swaziland', 'SZ', NULL, 'SZL', '', NULL, 0, 0, 0.2086),
(207, 'Sweden', 'SE', NULL, 'SEK', '', NULL, 0, 0, 0.1333),
(208, 'Switzerland', 'CH', NULL, 'CHF', '', NULL, 0, 0, 0.0149),
(209, 'Syria', 'SY', NULL, 'SYP', '', NULL, 0, 0, 3.1929),
(210, 'Taiwan', 'TW', NULL, 'TWD', '', NULL, 0, 0, 0.4737),
(211, 'Tajikistan', 'TJ', NULL, 'TJS', '', NULL, 0, 0, 0.1179),
(212, 'Tanzania', 'TZ', NULL, 'TZS', '', NULL, 0, 0, 32.7401),
(213, 'Thailand', 'TH', NULL, 'THB', '', NULL, 0, 0, 0.5239),
(214, 'Togo', 'TG', NULL, 'XOF', '', NULL, 0, 0, 9.0207),
(215, 'Tokelau', 'TK', NULL, 'NZD', '', NULL, 0, 0, 0.0209),
(216, 'Tonga', 'TO', NULL, 'TOP', '', NULL, 0, 0, 0.0326),
(217, 'Trinidad and Tobago', 'TT', NULL, 'TTD', '', NULL, 0, 0, 0.1003),
(218, 'Tunisia', 'TN', NULL, 'TND', '', NULL, 0, 0, 0.0338),
(219, 'Turkey', 'TR', NULL, 'TRY', '', NULL, 0, 0, 0.0460),
(220, 'Turkmenistan', 'TM', NULL, 'TMT', '', NULL, 0, 0, 0.0524),
(221, 'Turks and Caicos Islands', 'TC', NULL, 'USD', '', NULL, 0, 0, 0.0150),
(222, 'Tuvalu', 'TV', NULL, 'AUD', '', NULL, 0, 0, 0.0196),
(223, 'Uganda', 'UG', NULL, 'UGX', '', NULL, 0, 0, 51.6182),
(224, 'Ukraine', 'UA', NULL, 'UAH', '', NULL, 0, 0, 0.3840),
(225, 'United Arab Emirates', 'AE', NULL, 'AED', '', NULL, 0, 0, 0.0550),
(226, 'United Kingdom', 'GB', NULL, 'GBP', '', NULL, 0, 0, 0.0122),
(227, 'United States of America', 'US', 'USD', 'USD', '$', 1, 0, 0, 0.0150),
(228, 'Uruguay', 'UY', NULL, 'UYU', '', NULL, 0, 0, 0.4201),
(229, 'Uzbekistan', 'UZ', NULL, 'UZS', '', NULL, 0, 0, 45.8851),
(230, 'Vanuatu', 'VU', NULL, 'VUV', '', NULL, 0, 0, 1.6455),
(231, 'Vatican City', 'VA', NULL, 'EUR', '', NULL, 0, 0, 0.0137),
(232, 'Venezuela', 'VE', NULL, 'VEF', '', NULL, 0, 0, 0.1489),
(233, 'Vietnam', 'VN', NULL, 'VND', '', NULL, 0, 0, 334.1369),
(234, 'Virgin Islands (British)', 'VG', NULL, 'USD', '', NULL, 0, 0, 0.0150),
(235, 'Virgin Islands (US)', 'VI', NULL, 'USD', '', NULL, 0, 0, 0.0150),
(236, 'Wallis and Futuna Islands', 'WF', NULL, 'XPF', '', NULL, 0, 0, 1.6410),
(237, 'Western Sahara', 'EH', NULL, 'MAD', '', NULL, 0, 0, 0.1483),
(238, 'Yemen', 'YE', NULL, 'YER', '', NULL, 0, 0, 3.7433),
(239, 'Zaire', 'ZR', NULL, 'ZRN', '', NULL, 0, 0, 0.0000),
(240, 'Zambia', 'ZM', NULL, 'ZMK', '', NULL, 0, 0, 0.0000),
(241, 'Zimbabwe', 'ZW', NULL, 'ZWD', '', NULL, 0, 0, 0.0000),
(242, 'Nederland', '', NULL, NULL, '', NULL, 0, 0, 0.0000);

-- --------------------------------------------------------

--
-- Table structure for table `nestle_co_cheque_info`
--

CREATE TABLE IF NOT EXISTS `nestle_co_cheque_info` (
  `co_cheque_info_id` int(11) NOT NULL,
  `collection_id` int(11) NOT NULL,
  `reference` varchar(100) DEFAULT NULL,
  `invoice` varchar(100) DEFAULT NULL,
  `po` varchar(100) DEFAULT NULL,
  `amount` int(11) DEFAULT NULL,
  `created_by` int(11) NOT NULL,
  `created_at` datetime NOT NULL,
  `updated_by` int(11) NOT NULL,
  `updated_at` datetime NOT NULL
) ENGINE=MyISAM AUTO_INCREMENT=17 DEFAULT CHARSET=utf16;

--
-- Dumping data for table `nestle_co_cheque_info`
--

INSERT INTO `nestle_co_cheque_info` (`co_cheque_info_id`, `collection_id`, `reference`, `invoice`, `po`, `amount`, `created_by`, `created_at`, `updated_by`, `updated_at`) VALUES
(16, 1, 'Test', 'My payment', '123', 1200, 1, '2017-07-10 16:22:16', 1, '2017-07-10 16:22:16'),
(12, 2, 'Pickup', 'Last invoice', 'add', 1900, 1, '2017-06-30 13:03:41', 1, '2017-06-30 13:03:41'),
(10, 3, '#8009f', 'last9084', '210', 150, 1, '2017-06-30 12:39:45', 1, '2017-06-30 12:39:45'),
(13, 7, '33', '33', '33', 233, 1, '2017-07-05 16:55:59', 1, '2017-07-05 16:55:59'),
(14, 9, 'aa', 'aa', 'aa', 122222222, 1, '2017-07-07 16:39:05', 1, '2017-07-07 16:39:05'),
(15, 10, 'T849444', 'B9094944', '89', 1500, 1, '2017-07-10 14:28:32', 1, '2017-07-10 14:28:32');

-- --------------------------------------------------------

--
-- Table structure for table `nestle_customer_enrolment`
--

CREATE TABLE IF NOT EXISTS `nestle_customer_enrolment` (
  `customer_id` int(11) NOT NULL,
  `customer_name` varchar(100) NOT NULL,
  `customer_code` varchar(100) NOT NULL,
  `mobile_number` varchar(15) NOT NULL,
  `sales_representative` varchar(100) NOT NULL,
  `trading_type_id` int(11) NOT NULL,
  `email` varchar(255) NOT NULL,
  `location` text NOT NULL,
  `commercial_institutional` varchar(50) NOT NULL,
  `pob` int(10) NOT NULL,
  `new_channel_classification` varchar(255) NOT NULL,
  `contact_name` varchar(100) NOT NULL,
  `contact_number` varchar(15) NOT NULL,
  `emirates_id` int(11) NOT NULL,
  `contract_available` enum('yes','no') CHARACTER SET latin1 DEFAULT 'yes',
  `customer_special_note` text,
  `version_id` int(11) NOT NULL,
  `route_id` int(11) NOT NULL,
  `payment_terms_id` int(11) DEFAULT NULL,
  `serving_size` varchar(255) NOT NULL,
  `is_delete` enum('1','0') CHARACTER SET latin1 NOT NULL DEFAULT '0',
  `created_by` int(11) NOT NULL,
  `created_at` datetime NOT NULL,
  `updated_by` int(11) NOT NULL,
  `updated_at` datetime NOT NULL
) ENGINE=MyISAM AUTO_INCREMENT=20 DEFAULT CHARSET=utf16;

--
-- Dumping data for table `nestle_customer_enrolment`
--

INSERT INTO `nestle_customer_enrolment` (`customer_id`, `customer_name`, `customer_code`, `mobile_number`, `sales_representative`, `trading_type_id`, `email`, `location`, `commercial_institutional`, `pob`, `new_channel_classification`, `contact_name`, `contact_number`, `emirates_id`, `contract_available`, `customer_special_note`, `version_id`, `route_id`, `payment_terms_id`, `serving_size`, `is_delete`, `created_by`, `created_at`, `updated_by`, `updated_at`) VALUES
(1, 'Martin Garcia', 'M09334', '465465463', '6', 27, 'info@garcia.com', 'Sharjah', 'Manufacturing', 1320, 'Channel', 'Mike Luzzi', '798513132', 2, 'yes', 'Dubai special', 7, 1, NULL, '', '1', 6, '2017-06-02 11:47:13', 6, '2017-06-02 11:47:13'),
(2, 'Christophe Lemaire', 'C669', '96766679', '6', 25, 'info@leme.com', 'Umm al-Quwain', 'Health Clubs', 1200, 'club643', 'Graham Lee', '2303232412', 2, 'no', 'notes', 2, 2, NULL, '', '0', 6, '2017-06-02 11:52:00', 6, '2017-06-02 11:52:00'),
(3, 'Richard Migliore', 'R5848', '767956856', '6', 26, 'info@richard.com', 'Abu Dhabi', 'Commercial', 255, '444f', 'Peter Niven', '67676577756', 1, 'yes', 'notes', 3, 1, NULL, '', '0', 6, '2017-06-02 11:53:49', 6, '2017-06-02 11:53:49'),
(4, 'Corey Nakatani', 'C746', '9776865555', '6', 24, 'info@corey.com', 'Fujairah', 'Medical and Health', 1008, '0011', 'Peter Niven', '557675544544', 1, 'yes', 'notes', 7, 2, NULL, '', '1', 6, '2017-06-02 11:56:11', 6, '2017-06-02 11:56:11'),
(5, 'Corey Nakatani', 'C093', '797979767', '6', 25, 'info@corey.com', 'riyadh', 'Lance', 224, '006', 'Nakatani', '651465411', 1, 'yes', 'notes', 4, 2, NULL, '', '0', 6, '2017-06-02 12:34:53', 6, '2017-06-02 12:34:53'),
(6, 'Evi', 'EV887', '8128775560', '5', 24, 'evi@gmail.com', 'Umm al-Quwain Evi', 'cummercial', 3800, 'new channel', 'Evi', '8125444444', 1, 'yes', 'Special Note', 7, 1, NULL, '', '0', 5, '2017-06-07 16:14:42', 5, '2017-06-07 16:14:42'),
(7, 'Roy Benlie', 'R9080', '22011518784', '6', 25, 'roy@yahoo.com', 'Dubai palm street', 'Hospitality', 4001, '35450', 'Rizwan', '89798100', 1, 'yes', 'This is general testing.', 8, 1, NULL, '', '0', 6, '2017-06-08 08:19:20', 6, '2017-06-08 08:19:20'),
(8, 'himal12', '4444', '566666666666', '5', 25, 'himal.patel@c-metric.com', 'amd', 'test', 34, 'test', 'himal', '5666', 1, 'yes', '', 9, 2, 10, '', '1', 5, '2017-06-23 14:53:23', 5, '2017-06-23 15:03:03'),
(9, 'Maitrak', 'CUST_78945', '9898989898', '1', 24, 'maitrak.modi@c-metric.com', 'Abu dabhi', 'Commercial', 78, 'New channel 1', 'Roy', '8787878787', 1, 'yes', '', 1, 2, 2, '', '0', 1, '2017-06-23 15:50:07', 1, '2017-06-23 15:50:07'),
(10, 'himal', 'h001', '8125666610', '5', 25, 'himal.patel@c-metric.com', 'amd', 'test', 23333, 'test', 'himal', '3444', 1, 'yes', '', 9, 1, 7, '', '0', 5, '2017-06-23 15:50:26', 5, '2017-07-11 07:53:29'),
(11, 'Rupesh', 'CUST_123', '8254666610', '5', 25, 'rupesh.jorkar@c-metric.com', 'Dubai', 'commercial', 878, 'Channel 2', 'Rupesh', '78787887878', 2, 'yes', '', 3, 1, 6, '', '0', 1, '2017-06-23 16:21:23', 5, '2017-07-11 07:53:22'),
(12, 'himal_customeradd', 'him001', '566666666666', '1', 25, 'himal.patel@c-metric.com', 'amd', 'test', 234, 'test', 'himal', '3444', 1, 'yes', '', 9, 2, 1, '', '1', 1, '2017-06-28 09:52:06', 1, '2017-06-28 09:52:06'),
(13, 'Cust_add', 'ab001', '566666666666', '1', 24, 'himal.patel@c-metric.com', 'amd', 'test', 34, 'test', 'himal', '444', 1, 'yes', '', 1, 1, 2, '', '1', 1, '2017-06-28 12:43:08', 1, '2017-06-28 12:43:08'),
(14, 'himal_cust_add', 'cust001', '8125666649', '5', 24, 'himal.patel@c-metric.com', 'mehsana', 'testing', 1234, 'test', 'himal', '455555555555', 2, 'yes', '', 1, 1, 5, '', '0', 1, '2017-07-05 14:36:22', 5, '2017-07-11 07:53:11'),
(15, 'test_cust_add', '57677', '3444', '1', 24, 'himal.patel@c-metric.com', 'amd', 'testing', 344, 'test', 'himal', '455555', 2, 'yes', '', 1, 1, 3, '', '1', 1, '2017-07-05 15:51:54', 1, '2017-07-05 15:51:54'),
(16, 'new_cust_adding', 'ab001', '8124666610', '5', 25, 'himal.patel@c-metric.com', 'machine', 'ggg', 566, 'gg', 'gg', '6666', 1, 'yes', '', 1, 1, 2, '', '0', 1, '2017-07-05 16:16:03', 5, '2017-07-11 07:53:04'),
(17, 'himal_customer1', 'ab00', '8125444464', '5', 24, 'himal.patel@c-metric.com', 'test', 'testing', 2333, 'test', 'himal', '4444', 1, 'yes', '', 10, 1, 2, '', '0', 1, '2017-07-07 13:37:03', 5, '2017-07-11 07:52:56'),
(18, 'Bred scott', 'B0986', '97897445', '5', 27, 'bs01@gmail.com', 'Riyadh out city', 'Medial university', 9084, 'B083', 'Lionard', '9875654156', 1, 'yes', 'Manage all machine', 1, 1, 4, '', '0', 1, '2017-07-10 13:21:33', 5, '2017-07-11 07:54:24'),
(19, 'IBT', 'ibt12', '8124666610', '5', 24, 'ibt@gmail.com', 'Location Sample', 'Cummecial', 2333, 'New Channel', 'Sadiq', '8125444444', 1, 'yes', 'Special Note Sample', 3, 1, 1, '', '0', 5, '2017-07-11 09:07:55', 5, '2017-07-11 09:07:55');

-- --------------------------------------------------------

--
-- Table structure for table `nestle_customer_machine_information`
--

CREATE TABLE IF NOT EXISTS `nestle_customer_machine_information` (
  `customer_machine_information_id` int(11) NOT NULL,
  `customer_id` int(11) NOT NULL,
  `version_id` int(11) NOT NULL,
  `sr_number_id` int(11) NOT NULL,
  `installation_date` date DEFAULT NULL,
  `zone` int(11) NOT NULL,
  `machine_assign_type` enum('First_Installation','Installation','Pullout','Replacement') NOT NULL DEFAULT 'First_Installation',
  `machine_installed_location` text NOT NULL,
  `machine_comment` text NOT NULL,
  `machine_picture` varchar(255) NOT NULL,
  `machine_menu_file` varchar(255) NOT NULL,
  `serving_size` varchar(255) NOT NULL,
  `pullout_location_id` int(11) NOT NULL,
  `is_delete` tinyint(1) NOT NULL DEFAULT '0',
  `created_by` int(11) NOT NULL,
  `created_at` datetime NOT NULL,
  `updated_by` int(11) NOT NULL,
  `updated_at` datetime NOT NULL
) ENGINE=MyISAM AUTO_INCREMENT=56 DEFAULT CHARSET=latin1;

--
-- Dumping data for table `nestle_customer_machine_information`
--

INSERT INTO `nestle_customer_machine_information` (`customer_machine_information_id`, `customer_id`, `version_id`, `sr_number_id`, `installation_date`, `zone`, `machine_assign_type`, `machine_installed_location`, `machine_comment`, `machine_picture`, `machine_menu_file`, `serving_size`, `pullout_location_id`, `is_delete`, `created_by`, `created_at`, `updated_by`, `updated_at`) VALUES
(1, 1, 7, 0, '0000-00-00', 2, 'First_Installation', '', '', '', '', '7oz', 0, 0, 6, '2017-06-02 11:47:13', 6, '2017-06-02 11:47:13'),
(2, 2, 2, 11, '0001-12-03', 2, 'First_Installation', 'dubai street', 'notes', 'right-ad2.jpg', '', '12oz', 0, 0, 6, '2017-06-02 12:10:21', 6, '2017-06-02 12:10:21'),
(3, 3, 3, 10, '0001-12-01', 4, 'First_Installation', 'riyadh city', 'notes', 'mobile.jpg', 'letterlegal5.doc', '9oz', 0, 0, 6, '2017-06-02 12:06:01', 6, '2017-06-02 12:06:01'),
(4, 4, 7, 12, '0001-12-01', 2, 'First_Installation', 'dubai', 'dubai notes', '', '', '7oz', 0, 0, 6, '2017-06-02 14:39:15', 6, '2017-06-02 14:39:15'),
(5, 5, 4, 8, '0001-11-30', 4, 'First_Installation', 'dubai1', 'notes', '', '', '12oz', 0, 0, 1, '2017-06-06 13:35:14', 1, '2017-06-06 13:35:14'),
(6, 2, 1, 9, '2017-06-02', 4, 'Installation', 'dubai', 'My special notes', '533139f82fcb0c7546abed90b32c6494.jpg', '', '39', 0, 0, 6, '2017-06-02 13:38:53', 1, '2017-06-05 08:22:56'),
(7, 2, 2, 3, '2017-05-30', 4, 'Installation', '', '', '', '', '38', 0, 0, 1, '2017-06-06 13:29:09', 1, '2017-06-06 13:43:15'),
(8, 5, 1, 20, '0001-11-30', 4, 'Pullout', '', '', '', '', '39', 0, 0, 1, '2017-06-06 13:44:06', 1, '2017-06-06 13:51:34'),
(9, 5, 1, 20, '0001-11-30', 4, 'Pullout', '', '', '', '', '39', 42, 0, 1, '2017-06-06 13:47:54', 1, '2017-06-06 13:51:34'),
(10, 5, 5, 0, NULL, 0, 'Installation', '', '', '', '', '38', 0, 0, 1, '2017-06-06 13:51:34', 1, '2017-07-10 16:19:30'),
(11, 5, 3, 0, NULL, 0, 'Installation', '', '', '', '3c67f2cfdce2e34f236d5bc48671cfe2.zip', '38', 0, 0, 1, '2017-06-06 14:52:50', 1, '2017-07-10 16:19:25'),
(12, 5, 3, 15, '2017-06-06', 4, 'Pullout', '', '', '', '', '38', 42, 1, 1, '2017-06-06 15:24:42', 1, '2017-06-06 15:24:42'),
(13, 5, 3, 15, '2017-06-06', 4, 'Pullout', '', '', '', '', '38', 42, 0, 1, '2017-06-06 15:24:47', 1, '2017-06-06 15:24:47'),
(14, 5, 3, 15, '2017-07-13', 2, 'Installation', 'THis is machine', '', '', '', '38', 0, 0, 1, '2017-06-06 15:48:01', 5, '2017-07-10 17:17:04'),
(15, 5, 3, 15, '2017-06-06', 4, 'Pullout', '', '', '', '', '38', 42, 0, 1, '2017-06-06 15:49:46', 1, '2017-06-06 15:49:46'),
(16, 5, 3, 15, '2017-06-06', 4, 'Pullout', '', '', '', '', '38', 43, 0, 1, '2017-06-06 15:50:12', 1, '2017-06-06 15:50:12'),
(17, 6, 7, 0, '0000-00-00', 0, 'First_Installation', '', '', '', '', '9oz', 0, 0, 5, '2017-06-07 16:14:42', 5, '2017-06-07 16:14:42'),
(18, 7, 8, 21, '2017-02-07', 2, 'First_Installation', 'Abu dabhi', '', 'b_status.png', '', '9oz', 0, 0, 6, '2017-06-08 08:27:44', 6, '2017-06-08 08:27:44'),
(19, 5, 2, 0, NULL, 0, 'Installation', '', '', '', '', '39', 0, 0, 5, '2017-06-15 11:43:18', 1, '2017-07-10 16:19:33'),
(20, 2, 2, 14, '2017-06-24', 2, 'Installation', 'amd', '', '', 'd6267a7424fe97338013e776d2993d26.zip', '38', 0, 0, 5, '2017-06-23 09:44:45', 1, '2017-06-30 10:24:59'),
(21, 2, 2, 14, '2017-06-23', 2, 'Pullout', 'amd', '', '', '', '38', 42, 0, 5, '2017-06-23 09:49:23', 5, '2017-06-23 09:49:23'),
(22, 6, 1, 13, '2017-05-30', 4, 'Pullout', '', '', '', '', '38', 0, 0, 5, '2017-06-23 12:53:01', 1, '2017-06-28 16:01:43'),
(23, 8, 9, 22, '0001-11-30', 4, 'First_Installation', 'amd', '', '', '', '7oz', 0, 0, 5, '2017-06-23 15:08:50', 5, '2017-06-23 15:08:50'),
(24, 9, 1, 9, '0001-11-30', 2, 'First_Installation', 'amd', '', '', '', '7oz', 0, 0, 5, '2017-07-10 16:42:52', 5, '2017-07-10 16:42:52'),
(25, 10, 9, 0, NULL, 0, 'First_Installation', '', '', '', '', '7oz', 0, 0, 5, '2017-07-11 07:53:29', 5, '2017-07-11 07:53:29'),
(26, 10, 9, 24, '0001-11-30', 4, 'Pullout', 'amd', '', '', '', '7oz', 43, 1, 5, '2017-07-11 07:53:29', 5, '2017-07-11 07:53:29'),
(27, 11, 3, 2, '2017-06-28', 4, 'Installation', 'amd', '                                                     This is just for test                                                                                                                                                                                ', '', '', '7oz', 0, 0, 5, '2017-07-11 07:53:22', 5, '2017-07-11 07:53:22'),
(29, 10, 9, 6, '2017-06-29', 4, 'Pullout', '', '', '', '', '7oz', 0, 1, 5, '2017-07-11 07:53:29', 5, '2017-07-11 07:53:29'),
(30, 10, 9, 13, '2017-06-07', 4, 'Installation', '', '', '', '', '7oz', 0, 1, 5, '2017-07-11 07:53:29', 5, '2017-07-11 07:53:29'),
(31, 12, 9, 26, '2017-06-28', 4, 'First_Installation', 'amd', '', '', '', '7oz', 0, 0, 1, '2017-06-28 09:53:33', 1, '2017-06-28 09:53:33'),
(32, 10, 9, 1, '2017-06-28', 4, 'Pullout', '', '', '', '', '7oz', 43, 1, 5, '2017-07-11 07:53:29', 5, '2017-07-11 07:53:29'),
(33, 6, 9, 31, '2017-06-28', 4, 'Installation', '', '', '', '', '38', 0, 1, 1, '2017-06-28 11:42:03', 1, '2017-06-28 11:42:03'),
(34, 13, 1, 35, '2017-06-28', 2, 'Installation', 'amd', '', '', '', '7oz', 0, 0, 1, '2017-06-30 10:50:28', 1, '2017-06-30 10:50:28'),
(35, 13, 1, 35, '2017-06-28', 2, 'Installation', 'amd', '', '072ea4b7ff6e6a41dd210faac7a820e3.jpg', 'f4d97401fceac3b039dfc68101a43c91.zip', '39', 0, 0, 1, '2017-06-30 10:50:28', 1, '2017-06-30 10:50:28'),
(37, 6, 1, 32, '2017-06-06', 4, 'Pullout', '', '', '36c7e47ca37055919a505b4b4e8ee933.jpg', 'cdb3ee8ba97cb4fb20b0039bf28726ae.zip', '38', 43, 0, 1, '2017-06-28 16:01:36', 1, '2017-06-28 16:12:14'),
(38, 6, 1, 32, '2017-06-06', 4, 'Pullout', '', '', 'eeeff7af170113997d3879e2bf19617c.jpg', 'ac412f011a3135ca4fe44de2d6a3743e.zip', '38', 43, 1, 1, '2017-06-28 16:01:43', 1, '2017-06-28 16:12:14'),
(39, 13, 1, 35, '2017-06-28', 2, 'Installation', 'amd', '', '', '', '38', 0, 1, 1, '2017-06-30 10:50:28', 1, '2017-06-30 10:50:28'),
(40, 2, 1, 35, '2017-06-01', 2, 'Pullout', '', '', '', '', '38', 42, 0, 1, '2017-06-30 10:09:44', 1, '2017-06-30 10:16:37'),
(43, 14, 1, 0, NULL, 0, 'First_Installation', '', '', '', '', '9oz', 0, 0, 5, '2017-07-11 07:53:11', 5, '2017-07-11 07:53:11'),
(44, 14, 1, 0, '2017-07-05', 4, 'First_Installation', 'amd', '', 'd212fd24a7b06d930cff35351acc9f9f.jpg', 'dd5a2361e89f0822f17f9519c3a2473e.zip', '9oz', 43, 0, 5, '2017-07-11 07:53:11', 5, '2017-07-11 07:53:11'),
(46, 15, 1, 41, '2017-07-05', 4, 'Pullout', '', '', '', '', '40', 43, 0, 1, '2017-07-05 15:56:50', 1, '2017-07-05 15:58:13'),
(45, 15, 1, 0, '2017-07-05', 4, 'First_Installation', 'Riyadh ld city', '', '', '', '9oz', 0, 0, 1, '2017-07-10 13:26:47', 1, '2017-07-10 13:26:47'),
(47, 16, 1, 0, NULL, 0, 'First_Installation', '', '', '', '', '9oz', 0, 0, 5, '2017-07-11 07:53:04', 5, '2017-07-11 07:53:04'),
(48, 16, 1, 42, '2017-07-05', 4, 'Pullout', '', '', '', '', '9oz', 43, 0, 5, '2017-07-11 07:53:04', 5, '2017-07-11 07:53:04'),
(49, 16, 1, 43, '2017-07-05', 4, 'Pullout', '', '', '', '', '9oz', 44, 0, 5, '2017-07-11 07:53:04', 5, '2017-07-11 07:53:04'),
(50, 17, 10, 0, NULL, 0, 'First_Installation', '', '', 'LeaveRequestProject_BugReport 05-05.xlsx', 'EvenQuoteTestcase.xlsx', '9oz', 0, 0, 5, '2017-07-11 07:52:56', 5, '2017-07-11 07:52:56'),
(51, 17, 10, 0, NULL, 0, 'First_Installation', '', '', 'LeaveRequestProject_BugReport 05-05.xlsx', 'EvenQuoteTestcase.xlsx', '9oz', 0, 0, 5, '2017-07-11 07:52:56', 5, '2017-07-11 07:52:56'),
(52, 18, 1, 0, NULL, 0, 'First_Installation', '', '', 'ipod.jpg', 'letterlegal5 - Copy.docx', '9oz', 0, 0, 5, '2017-07-11 07:54:24', 5, '2017-07-11 07:54:24'),
(53, 18, 1, 28, '2017-07-08', 4, 'Pullout', 'Dubai city', '', 'sale.jpg', 'lcd.zip', '9oz', 42, 0, 5, '2017-07-11 07:54:24', 5, '2017-07-11 07:54:24'),
(54, 10, 9, 44, '2017-07-10', 2, 'Installation', 'dubai', 'This is for testing', '', '', '39', 0, 0, 5, '2017-07-11 07:53:29', 5, '2017-07-11 08:41:27'),
(55, 19, 3, 0, NULL, 0, 'First_Installation', '', '', '', '', '7oz', 0, 0, 5, '2017-07-11 09:07:55', 5, '2017-07-11 09:07:55');

-- --------------------------------------------------------

--
-- Table structure for table `nestle_delivery_item_list`
--

CREATE TABLE IF NOT EXISTS `nestle_delivery_item_list` (
  `do_menu_id` int(11) NOT NULL,
  `delivery_order_id` int(11) NOT NULL,
  `ingredient_id` int(11) NOT NULL,
  `subcat_id` int(11) NOT NULL,
  `quantity` int(11) NOT NULL,
  `price` double NOT NULL,
  `sub_total` double NOT NULL,
  `created_by` int(11) NOT NULL,
  `created_date` datetime NOT NULL,
  `updated_by` int(11) NOT NULL,
  `updated_date` datetime NOT NULL,
  `isactive` enum('active','inactive') NOT NULL DEFAULT 'active'
) ENGINE=MyISAM AUTO_INCREMENT=16 DEFAULT CHARSET=latin1;

--
-- Dumping data for table `nestle_delivery_item_list`
--

INSERT INTO `nestle_delivery_item_list` (`do_menu_id`, `delivery_order_id`, `ingredient_id`, `subcat_id`, `quantity`, `price`, `sub_total`, `created_by`, `created_date`, `updated_by`, `updated_date`, `isactive`) VALUES
(1, 1, 1, 7, 2, 650, 1300, 6, '2017-06-02 12:30:16', 0, '0000-00-00 00:00:00', 'active'),
(2, 2, 3, 6, 1, 100, 100, 6, '2017-06-02 12:42:58', 0, '0000-00-00 00:00:00', 'active'),
(3, 3, 2, 2, 1, 500, 500, 1, '2017-06-06 12:37:40', 0, '0000-00-00 00:00:00', 'active'),
(4, 4, 3, 3, 2, 200, 400, 1, '2017-06-06 12:50:43', 0, '0000-00-00 00:00:00', 'active'),
(5, 5, 3, 7, 5, 650, 3250, 1, '2017-06-06 12:52:00', 0, '0000-00-00 00:00:00', 'active'),
(6, 6, 1, 1, 1, 1000, 1000, 1, '2017-06-06 12:54:09', 0, '0000-00-00 00:00:00', 'active'),
(7, 7, 2, 3, 2, 200, 400, 1, '2017-06-06 16:15:20', 0, '0000-00-00 00:00:00', 'active'),
(8, 10, 2, 2, 1, 500, 500, 1, '2017-07-05 08:52:26', 0, '0000-00-00 00:00:00', 'active'),
(9, 11, 2, 2, 3, 500, 1500, 1, '2017-07-05 10:56:49', 0, '0000-00-00 00:00:00', 'active'),
(10, 12, 3, 7, 1, 650, 650, 1, '2017-07-05 13:31:57', 0, '0000-00-00 00:00:00', 'active'),
(11, 14, 9, 1, 1, 1000, 1000, 1, '2017-07-05 14:56:43', 0, '0000-00-00 00:00:00', 'active'),
(12, 17, 13, 9, 1, 3444444444, 3444444444, 1, '2017-07-07 14:27:09', 0, '0000-00-00 00:00:00', 'active'),
(13, 18, 2, 2, 5, 500, 2500, 1, '2017-07-10 10:34:51', 0, '0000-00-00 00:00:00', 'active'),
(14, 9, 2, 4, 4, 100, 400, 1, '2017-07-10 16:38:38', 0, '0000-00-00 00:00:00', 'active'),
(15, 8, 2, 5, 7, 345, 2415, 1, '2017-07-10 16:39:06', 0, '0000-00-00 00:00:00', 'active');

-- --------------------------------------------------------

--
-- Table structure for table `nestle_delivery_order`
--

CREATE TABLE IF NOT EXISTS `nestle_delivery_order` (
  `delivery_order_id` int(11) NOT NULL,
  `customer_code` int(11) NOT NULL,
  `customer_name` varchar(255) NOT NULL,
  `sr_number` int(11) NOT NULL,
  `delivery_order` varchar(255) NOT NULL,
  `order_date` date NOT NULL,
  `payment_terms` varchar(255) NOT NULL,
  `caller_name` varchar(255) NOT NULL,
  `caller_number` int(15) NOT NULL,
  `delivery_location` text NOT NULL,
  `remarks` text NOT NULL,
  `lpo_number` varchar(255) NOT NULL,
  `priority` varchar(25) NOT NULL,
  `order_type` varchar(255) NOT NULL,
  `delivery_date` datetime NOT NULL,
  `attachments` varchar(255) NOT NULL,
  `total_amount` double NOT NULL,
  `zone` int(11) DEFAULT NULL,
  `delivery_status` varchar(255) DEFAULT NULL,
  `created_by` int(11) NOT NULL,
  `created_date` datetime NOT NULL,
  `updated_by` int(11) DEFAULT NULL,
  `updated_date` datetime DEFAULT NULL,
  `is_deleted` tinyint(1) NOT NULL DEFAULT '0'
) ENGINE=MyISAM AUTO_INCREMENT=19 DEFAULT CHARSET=latin1;

--
-- Dumping data for table `nestle_delivery_order`
--

INSERT INTO `nestle_delivery_order` (`delivery_order_id`, `customer_code`, `customer_name`, `sr_number`, `delivery_order`, `order_date`, `payment_terms`, `caller_name`, `caller_number`, `delivery_location`, `remarks`, `lpo_number`, `priority`, `order_type`, `delivery_date`, `attachments`, `total_amount`, `zone`, `delivery_status`, `created_by`, `created_date`, `updated_by`, `updated_date`, `is_deleted`) VALUES
(1, 2, '2', 11, 'DO_65202123', '2017-06-02', '', 'T. J. Pereira', 996565856, 'dubai street', 'pay', '00988', '2', 'incomming_call', '2017-06-02 14:59:00', 'letterlegal5.doc', 1300, 4, '52', 6, '0000-00-00 00:00:00', 1, '2017-07-10 16:28:44', 0),
(2, 4, '5', 12, 'DO_63782685', '2017-06-02', '', 'Pasquier', 7465113, 'dubai', 'paytm', '1002', '2', 'outbound_call', '2017-06-07 15:12:00', '', 100, 4, '53', 6, '0000-00-00 00:00:00', 1, '2017-07-10 16:40:33', 1),
(3, 5, '5', 8, 'DO_80690196', '2017-06-06', '', 'test', 455, 'amd', 'test', '22', '1', 'email', '2017-05-30 18:42:00', '', 500, NULL, NULL, 1, '0000-00-00 00:00:00', 1, '2017-06-06 12:41:36', 1),
(4, 4, '4', 12, 'DO_12523032', '2017-06-06', '', 'Enjelo Mathew', 222, 'amd', 'quick order', '34', '1', 'email', '2017-05-30 18:42:00', 'EvenQuoteBuglist.xlsx', 400, 2, '52', 1, '2017-07-10 16:08:01', 1, '2017-07-10 16:08:01', 1),
(5, 18, '18', 28, 'DO_67828819', '2017-06-06', '', 'Richard', 1222, 'amd', 'quick my order', '233', '1', 'email', '2017-07-10 18:42:00', '', 3250, 2, '52', 1, '2017-07-10 16:09:54', 1, '2017-07-10 16:30:46', 0),
(6, 5, '5', 8, 'DO_54025389', '2017-06-06', '', 'test', 111, 'amd', '111', '122', '1', 'email', '2017-06-30 18:42:00', '', 1000, 2, '52', 1, '0000-00-00 00:00:00', 1, '2017-06-30 09:33:14', 1),
(7, 5, '4', 7, 'DO_19792132', '2017-06-06', '', 'himal', 3444, '44', '44', '4444', '1', 'email', '2017-04-19 18:45:00', '', 400, 2, '52', 1, '2017-06-28 14:20:15', 1, '2017-06-30 13:15:21', 1),
(8, 4, '4', 12, 'DO_28111780', '2017-06-30', '', 'himal', 4555, 'amd', 'test', '4555', '1', 'email', '2017-06-30 18:42:00', '', 2415, 2, '53', 1, '2017-07-10 16:39:06', 1, '2017-07-10 16:39:06', 1),
(9, 4, '4', 12, 'DO_35509858', '2017-06-30', '', 'himal', 222, 'amd', 'test', '344', '1', 'email', '2017-06-30 18:42:00', '', 400, 4, '53', 1, '2017-07-10 16:38:38', 1, '2017-07-10 16:38:38', 1),
(10, 18, '18', 28, 'DO_54028442', '2017-07-05', '', 'himal', 4567, 'amd', 'delevery', '455', '2', 'email', '2017-07-05 11:22:00', '', 500, 4, '53', 1, '2017-07-10 16:06:43', 1, '2017-07-10 16:06:43', 0),
(11, 5, '4', 7, 'DO_85494681', '2017-07-05', '', 'Sandy', 34789, 'mehsana', 'testing', '3444', '1', 'email', '2017-07-08 18:42:00', '', 1500, 4, '52', 1, '2017-07-10 16:10:45', 1, '2017-07-10 16:29:57', 1),
(12, 10, '10', 2, 'DO_44525274', '2017-07-05', '', 'testperson', 566666666, 'amdamdamd', 'test', '4567', '1', 'email', '2017-07-05 15:59:00', '', 650, 2, '53', 1, '2017-07-05 15:42:15', 1, '2017-07-10 16:28:02', 0),
(13, 14, '14', 39, 'DO_66580379', '2017-07-05', '', 'himal', 555, 'amdamd', 'test', '455', '2', 'incomming_call', '2017-07-05 17:21:00', '', 0, 4, '53', 1, '0000-00-00 00:00:00', 1, '2017-07-05 14:52:40', 1),
(14, 14, '14', 39, 'DO_97737248', '2017-07-05', '', 'testing deliver order new', 34444, 'amd', 'test', '344', '3', 'email', '2017-07-05 17:26:00', '', 1000, NULL, NULL, 1, '0000-00-00 00:00:00', 1, '2017-07-05 14:56:39', 1),
(15, 11, '11', 9, 'DO_49147231', '2017-07-05', '', 'hima', 5555, 'amd', '5555', '455', '1', 'email', '2017-05-30 18:42:00', '', 0, NULL, NULL, 1, '0000-00-00 00:00:00', 1, '2017-07-05 15:43:40', 1),
(16, 9, '9', 9, 'DO_41499825', '2017-07-05', '', 'test', 56666, 'amd', 'ett', '4444444', '1', 'email', '2017-05-30 18:42:00', 'Evenquotes Home description text(1).pdf', 0, NULL, NULL, 1, '2017-07-07 09:00:08', 1, '2017-07-07 09:00:08', 1),
(17, 17, '17', 46, 'DO_51047532', '2017-07-07', '', 'himal12', 444, 'amd', 'test', '4555', '2', 'email', '2017-07-07 16:52:00', 'EvenQuoteTestcase.xlsx', 3444444444, NULL, NULL, 5, '2017-07-07 16:04:58', 5, '2017-07-07 16:04:58', 1),
(18, 18, '18', 50, 'DO_39120637', '2017-07-10', '', 'Jamescluiem', 2147483647, 'Dubai plam street', 'cofee', '0944', '1', 'outbound_call', '2017-07-12 13:04:00', 'Master Sheet.xls', 2500, 4, '52', 1, '2017-07-10 14:08:23', 1, '2017-07-10 16:40:22', 0);

-- --------------------------------------------------------

--
-- Table structure for table `nestle_email_template_master`
--

CREATE TABLE IF NOT EXISTS `nestle_email_template_master` (
  `template_id` int(11) NOT NULL,
  `variable` varchar(255) NOT NULL,
  `subject` varchar(255) NOT NULL,
  `body` longtext NOT NULL,
  `created_date` datetime NOT NULL,
  `modified_date` datetime NOT NULL,
  `system_template` tinyint(1) NOT NULL DEFAULT '0',
  `st_slug` varchar(10) NOT NULL,
  `status` tinyint(4) NOT NULL COMMENT '1-active,0-inactive',
  `is_delete` int(4) NOT NULL DEFAULT '0'
) ENGINE=InnoDB DEFAULT CHARSET=latin1;

-- --------------------------------------------------------

--
-- Table structure for table `nestle_emirate`
--

CREATE TABLE IF NOT EXISTS `nestle_emirate` (
  `emirate_id` int(11) NOT NULL,
  `name` varchar(100) NOT NULL,
  `description` text NOT NULL,
  `isactive` enum('active','inactive') NOT NULL DEFAULT 'active',
  `created_by` int(11) NOT NULL,
  `created_at` datetime NOT NULL,
  `updated_by` int(11) NOT NULL,
  `updated_at` datetime NOT NULL
) ENGINE=MyISAM AUTO_INCREMENT=3 DEFAULT CHARSET=utf16;

--
-- Dumping data for table `nestle_emirate`
--

INSERT INTO `nestle_emirate` (`emirate_id`, `name`, `description`, `isactive`, `created_by`, `created_at`, `updated_by`, `updated_at`) VALUES
(1, 'Abu Dhabhi', 'Abu Dhabhi', 'active', 1, '2017-03-16 00:00:00', 1, '2017-03-16 00:00:00'),
(2, 'Dubai', 'Dubai', 'active', 1, '2017-03-16 00:00:00', 1, '2017-03-16 00:00:00');

-- --------------------------------------------------------

--
-- Table structure for table `nestle_feedback`
--

CREATE TABLE IF NOT EXISTS `nestle_feedback` (
  `feedback_id` int(11) NOT NULL,
  `customer_id` int(11) DEFAULT NULL,
  `customer_name` varchar(100) DEFAULT NULL,
  `feedback_date` date DEFAULT NULL,
  `auditor` varchar(100) DEFAULT NULL,
  `ticket_date` date DEFAULT NULL,
  `subject` varchar(100) DEFAULT NULL,
  `ticket_number` varchar(50) DEFAULT NULL,
  `phone_number` varchar(15) DEFAULT NULL,
  `satisfaction_level` varchar(100) DEFAULT NULL,
  `attitude_of_emp` varchar(100) DEFAULT NULL,
  `specific_afi` varchar(100) DEFAULT NULL,
  `is_delete` tinyint(4) NOT NULL DEFAULT '0',
  `created_by` int(11) DEFAULT NULL,
  `created_at` datetime DEFAULT NULL,
  `updated_by` int(11) DEFAULT NULL,
  `updated_at` datetime DEFAULT NULL
) ENGINE=MyISAM AUTO_INCREMENT=8 DEFAULT CHARSET=latin1;

--
-- Dumping data for table `nestle_feedback`
--

INSERT INTO `nestle_feedback` (`feedback_id`, `customer_id`, `customer_name`, `feedback_date`, `auditor`, `ticket_date`, `subject`, `ticket_number`, `phone_number`, `satisfaction_level`, `attitude_of_emp`, `specific_afi`, `is_delete`, `created_by`, `created_at`, `updated_by`, `updated_at`) VALUES
(1, 6, 'Evi', '2017-06-27', 'test12', '2017-06-29', 'testing', 'test12', '566', 'test13', 'average', 'tesq11', 1, 5, '2017-06-23 08:50:40', 5, '2017-06-23 08:55:54'),
(2, 2, 'Christophe Lemaire', '2017-06-26', 'himal', '2017-06-24', 'feedback', 'new test', '45555', 'avreage', 'good', 'test', 1, 5, '2017-06-23 08:51:53', 1, '2017-07-10 15:53:29'),
(3, 3, 'Richard Migliore', '2017-06-23', 'rupesh', '2017-06-24', 'new feedback', 'T09895', '567777', 'test1234', 'new testdata', 'test', 0, 5, '2017-06-23 08:53:32', 1, '2017-07-10 15:53:43'),
(4, 5, 'Corey Nakatani', '2017-06-27', 'new auditor', '2017-06-29', 'test', 'new ticket', '2334444', 'test', 'good', 'test', 1, 5, '2017-06-23 08:57:28', 1, '2017-07-10 15:53:25'),
(5, 2, 'Christophe Lemaire', '2017-07-07', '4444', '2017-07-07', '44', '44', '44', '444', '44', '44', 1, 5, '2017-07-07 15:51:50', 5, '2017-07-07 15:52:04'),
(6, 18, 'Bred scott', '2017-07-12', 'MJ Hrick', '2017-07-11', 'My Openion', 'K8789', '989763336', 'Good', 'Developer', 'NA', 0, 1, '2017-07-10 15:55:51', 1, '2017-07-10 15:56:01'),
(7, 6, 'Evi', '2017-07-08', 'Sadiq M.', '2017-07-11', 'Machine assignment', 'H0849', '987665587', 'Nice', 'Design', 'nop', 0, 1, '2017-07-10 15:57:25', 1, '2017-07-10 15:57:25');

-- --------------------------------------------------------

--
-- Table structure for table `nestle_language_master`
--

CREATE TABLE IF NOT EXISTS `nestle_language_master` (
  `language_id` int(11) NOT NULL,
  `language_name` varchar(50) NOT NULL,
  `name` text CHARACTER SET utf8 COLLATE utf8_bin NOT NULL
) ENGINE=InnoDB AUTO_INCREMENT=16 DEFAULT CHARSET=latin1;

--
-- Dumping data for table `nestle_language_master`
--

INSERT INTO `nestle_language_master` (`language_id`, `language_name`, `name`) VALUES
(1, 'english', 'english'),
(2, 'spanish', 'Espaol'),
(3, 'swedish', 'svensk'),
(4, 'russian', ''),
(5, 'croatian', 'hrvatski'),
(6, 'danish', 'dansk'),
(7, 'french', 'franais'),
(8, 'japanese', ''),
(9, 'norwegian', 'norsk'),
(10, 'portugese', 'portugus'),
(11, 'romanian', 'Romn'),
(12, 'turkish', 'Trk'),
(13, 'arabic', ''),
(14, 'greek', ''),
(15, 'Dutch', 'Papiamento');

-- --------------------------------------------------------

--
-- Table structure for table `nestle_login`
--

CREATE TABLE IF NOT EXISTS `nestle_login` (
  `login_id` int(11) NOT NULL,
  `firstname` varchar(100) NOT NULL,
  `lastname` varchar(100) NOT NULL,
  `email` varchar(255) NOT NULL,
  `password` varchar(100) NOT NULL,
  `address` varchar(255) NOT NULL,
  `mobile_number` varchar(50) NOT NULL,
  `Position` varchar(250) NOT NULL,
  `role_id` int(10) NOT NULL,
  `memberof` varchar(15) NOT NULL,
  `created_by` int(11) NOT NULL,
  `created_date` datetime NOT NULL,
  `modified_date` datetime NOT NULL,
  `status` enum('active','inactive') NOT NULL DEFAULT 'active',
  `session_id` text NOT NULL,
  `reset_password_token` varchar(255) DEFAULT NULL,
  `updated_by` int(11) NOT NULL,
  `is_delete` tinyint(1) NOT NULL DEFAULT '0'
) ENGINE=InnoDB AUTO_INCREMENT=24 DEFAULT CHARSET=latin1;

--
-- Dumping data for table `nestle_login`
--

INSERT INTO `nestle_login` (`login_id`, `firstname`, `lastname`, `email`, `password`, `address`, `mobile_number`, `Position`, `role_id`, `memberof`, `created_by`, `created_date`, `modified_date`, `status`, `session_id`, `reset_password_token`, `updated_by`, `is_delete`) VALUES
(1, 'Ritesh', 'Rana', 'ritesh.rana@c-metric.com', '0192023a7bbd73250516f069df18b500', 'test', '45555321111', 'test', 1, 'Nestle', 0, '2017-06-30 10:21:19', '2017-06-30 12:02:38', 'active', '', '', 1, 0),
(2, 'Zone', 'Test', 'zone.test@c-metric.com', '0192023a7bbd73250516f069df18b500', '12, dubai plam street                                                                                                                                                                                             ', '800987965', 'Manager', 5, 'Backoffice', 0, '2017-07-10 15:17:31', '2017-07-10 15:17:31', 'active', '', '', 1, 0),
(3, 'Himal', 'Patel', 'himal.patel@c-metric.com', '77f7ce908a15c771aa32ca020eec37b0', ' ahmedabad                                                                                                                                                               ', '677777777', 'test', 2, '', 0, '2017-05-29 13:33:55', '0000-00-00 00:00:00', 'active', '', '', 1, 1),
(4, 'Zone Second', 'Second', 'himal.patel@c-metric.com', '77f7ce908a15c771aa32ca020eec37b0', 'amd                                                                                                                                                                                                                                                            ', '5666666', 'test', 5, 'IBT Call Center', 0, '2017-06-02 14:06:55', '2017-06-02 14:06:55', 'active', '', '', 1, 0),
(5, 'Rupesh', 'Jorkar', 'rupesh.jorkar@c-metric.com', '0192023a7bbd73250516f069df18b500', 'sdlkfjsdfjsdl fsdfjdsl fsl                                                                                ', '2344444444', 'Backoffice', 1, 'Backoffice', 1, '2017-06-01 07:08:22', '2017-07-07 15:52:33', 'active', 'b2bd525d90a3fe8f82e1797ab4b4d72771b7efda', NULL, 6, 0),
(6, 'Wasim', 'Shaikh', 'wasim@gmail.com', 'e6e061838856bf47e1de730719fb2609', '89,ahmedabd street                                      ', '989765875', 'SR', 1, 'Backoffice', 1, '2017-07-10 15:16:31', '2017-07-10 15:16:31', 'active', 'b2bd525d90a3fe8f82e1797ab4b4d72771b7efda', NULL, 1, 0),
(7, 'Admin', 'admin', 'admin@gmail.com', '0192023a7bbd73250516f069df18b500', 'test', '787456464', 'admin', 1, 'Nestle', 6, '2017-05-31 13:32:27', '2017-05-31 13:32:27', 'active', '82ff393b73c57279f317ee77970ae5487360b283', NULL, 6, 1),
(8, 'sadiq', 'admin', 'sadiq@gmail.com', '0192023a7bbd73250516f069df18b500', '                                                                                ', '79854564', 'admin', 1, 'Nestle', 6, '2017-05-31 13:45:16', '2017-05-31 13:45:16', 'active', '82ff393b73c57279f317ee77970ae5487360b283', NULL, 6, 1),
(9, 'Imam', 'Afzal', 'Imama.Afzal@AE.nestle.com', '0192023a7bbd73250516f069df18b500', 'test adrress', '7984646', 'nestle team', 11, 'Nestle', 6, '2017-05-31 14:41:54', '2017-05-31 14:41:54', 'active', '82ff393b73c57279f317ee77970ae5487360b283', NULL, 6, 0),
(10, 'Angelo', 'Mariano', 'Angelo.Mariano@AE.nestle.com', '0192023a7bbd73250516f069df18b500', 'testing', '4654846541', 'nestle team', 11, 'Nestle', 6, '2017-05-31 14:43:38', '2017-05-31 14:43:38', 'active', '82ff393b73c57279f317ee77970ae5487360b283', NULL, 6, 0),
(11, 'Tayaba', 'Sultana', 'tayaba.sultana@ibtevolve.com', '0192023a7bbd73250516f069df18b500', 'testing', '897465455', 'call centr team', 12, 'Nestle', 6, '2017-05-31 14:44:48', '2017-05-31 14:44:48', 'active', '82ff393b73c57279f317ee77970ae5487360b283', NULL, 6, 0),
(12, 'Mamta', 'Mehra', 'Mamta.Mehra@AE.nestle.com', '0192023a7bbd73250516f069df18b500', 'testing', '786546546', 'nestle team', 11, 'Nestle', 6, '2017-05-31 14:46:05', '2017-05-31 14:46:05', 'active', '82ff393b73c57279f317ee77970ae5487360b283', NULL, 6, 0),
(13, 'Abhi', 'Kalla', 'Abhi.kalla@ibtevolve.com', '0192023a7bbd73250516f069df18b500', 'testing', '879646464', 'call centr team', 12, 'Nestle', 6, '2017-05-31 14:47:22', '2017-05-31 14:47:22', 'active', '82ff393b73c57279f317ee77970ae5487360b283', NULL, 6, 0),
(14, 'Sudipta', 'Deb', 'sudipta.deb@ibtevolve.com', '0192023a7bbd73250516f069df18b500', 'testing', '7874654654', 'call centr team', 12, 'Nestle', 6, '2017-05-31 14:48:31', '2017-05-31 14:48:31', 'active', '82ff393b73c57279f317ee77970ae5487360b283', NULL, 6, 0),
(15, 'Mohsin', 'Shoukat', 'mohsin@backofficeme.com', '0192023a7bbd73250516f069df18b500', 'testing', '7984646654', 'backoffice team', 2, 'Nestle', 6, '2017-05-31 14:49:48', '2017-05-31 14:49:48', 'active', '82ff393b73c57279f317ee77970ae5487360b283', NULL, 6, 0),
(16, 'Abdul', 'Latif', 'abdul@backofficeme.com', '0192023a7bbd73250516f069df18b500', 'testing                                        ', '4489798458', 'backoffice team', 2, 'Nestle', 6, '2017-06-06 11:56:35', '2017-06-06 11:56:35', 'active', '82ff393b73c57279f317ee77970ae5487360b283', NULL, 1, 0),
(17, 'Rupesh', 'Jorkar', 'r.jorkar@c-metric.com', 'ffa617bcca60f1705f808544edd945f1', 'address                                        ', '8128776601', 'SR', 1, 'IBT Call Center', 5, '2017-06-07 16:05:45', '2017-06-07 16:05:45', 'active', '1b1f01ebae8a70ee9ddd6716dcac6ef3ede7abb1', NULL, 5, 0),
(18, 'Wasim1', 'Momin', 'wasim@c-metric.com', '0192023a7bbd73250516f069df18b500', '34,test ahmedabad                      ', '98987656', 'senior developer', 1, 'IBT Call Center', 6, '2017-06-08 08:12:38', '2017-06-08 08:12:38', 'active', 'cdfa13784d1af38c9f40a622492816683b9c8f0b', NULL, 6, 0),
(19, 'Sadiq Mohamad', 'Mohamad', 'sadiq@gmail.com', '0192023a7bbd73250516f069df18b500', 'address                                                                                 ', '8125444444', 'SR', 1, 'Nestle', 5, '2017-06-08 11:46:15', '2017-06-08 11:46:15', 'active', '7395f4115bea45aca545e1029184e55fd9d6af2d', NULL, 5, 0),
(20, 'himal', 'patel', 'himalpatel@c-metric.com', '77f7ce908a15c771aa32ca020eec37b0', 'amd', '4455', 'test', 2, 'Backoffice', 5, '2017-06-23 13:14:50', '2017-06-23 13:14:50', 'active', '41decc381dcd4461d5b7b303f7bbf1ab20ea154c', NULL, 5, 1),
(21, 'himal', 'patel', 'himalpatel@c-metric.com', '77f7ce908a15c771aa32ca020eec37b0', 'amd', '45555', 'test12', 1, 'Nestle', 5, '2017-06-23 13:19:11', '2017-06-23 13:19:11', 'active', '41decc381dcd4461d5b7b303f7bbf1ab20ea154c', NULL, 5, 1),
(22, 'himal', 'patel', 'himalpatel@c-metric.com', '77f7ce908a15c771aa32ca020eec37b0', 'amd', '44555', 'test', 2, 'Nestle', 5, '2017-06-23 14:13:24', '2017-06-23 14:13:24', 'inactive', '41decc381dcd4461d5b7b303f7bbf1ab20ea154c', NULL, 5, 1),
(23, 'himal', 'patel', 'himal123@c-metric.com', '0192023a7bbd73250516f069df18b500', 'amd', '566666666666', 'aaaaaa', 1, 'IBT Call Center', 1, '2017-07-07 13:00:45', '2017-07-07 13:00:45', 'inactive', 'df9ffc04d510690db9d4e64319cbfa8010aecd29', NULL, 1, 1);

-- --------------------------------------------------------

--
-- Table structure for table `nestle_log_master`
--

CREATE TABLE IF NOT EXISTS `nestle_log_master` (
  `log_id` int(10) NOT NULL,
  `login_id` int(10) NOT NULL,
  `ip_address` varchar(40) NOT NULL,
  `browser` text NOT NULL,
  `session_id` text NOT NULL,
  `date` datetime NOT NULL
) ENGINE=InnoDB AUTO_INCREMENT=164 DEFAULT CHARSET=latin1;

--
-- Dumping data for table `nestle_log_master`
--

INSERT INTO `nestle_log_master` (`log_id`, `login_id`, `ip_address`, `browser`, `session_id`, `date`) VALUES
(1, 1, '::1', 'Mozilla/5.0 (Windows NT 6.3; WOW64; rv:53.0) Gecko/20100101 Firefox/53.0', '4055346479c7a5d2aba28a576f2dd896171047ac', '2017-05-24 10:46:48'),
(2, 1, '::1', 'Mozilla/5.0 (Windows NT 6.3; WOW64; rv:53.0) Gecko/20100101 Firefox/53.0', '10914ffd54b6e6f69f43e95ad106b182d5f417e0', '2017-05-25 05:19:43'),
(3, 1, '::1', 'Mozilla/5.0 (Windows NT 6.3; WOW64; rv:53.0) Gecko/20100101 Firefox/53.0', 'd0ad110d314a50295ef1352a94b72b4d6d9f98f8', '2017-05-25 08:10:06'),
(4, 1, '::1', 'Mozilla/5.0 (Windows NT 6.3; Win64; x64) AppleWebKit/537.36 (KHTML, like Gecko) Chrome/58.0.3029.110 Safari/537.36', '2175414edc0803d8a3db1beba11c1b8502fb7468', '2017-05-26 09:33:26'),
(5, 1, '::1', 'Mozilla/5.0 (Windows NT 6.3; WOW64; rv:53.0) Gecko/20100101 Firefox/53.0', 'b32bb7d928a352c93e05a70ac4b9f413860a5be7', '2017-05-26 09:37:21'),
(6, 1, '10.1.5.1', 'Mozilla/5.0 (Windows NT 6.3; WOW64; rv:53.0) Gecko/20100101 Firefox/53.0', '67349737cdfcb3809cbb3c11e7b8159aa4733b50', '2017-05-26 14:04:22'),
(7, 1, '10.1.5.1', 'Mozilla/5.0 (Windows NT 6.3; Win64; x64) AppleWebKit/537.36 (KHTML, like Gecko) Chrome/58.0.3029.110 Safari/537.36', '414ad3b3bf742e93350968036923f2f595053e48', '2017-05-26 14:05:34'),
(8, 1, '10.1.5.1', 'Mozilla/5.0 (Windows NT 6.3; Win64; x64) AppleWebKit/537.36 (KHTML, like Gecko) Chrome/58.0.3029.110 Safari/537.36', 'f4b0a462fa579608ce3b4e065c836a86656526c0', '2017-05-26 15:32:44'),
(9, 1, '10.1.5.1', 'Mozilla/5.0 (Windows NT 6.3; WOW64; rv:46.0) Gecko/20100101 Firefox/46.0', '0445d127720e9f648e02bef1f37b524377a02347', '2017-05-26 15:34:18'),
(10, 1, '10.1.5.1', 'Mozilla/5.0 (Windows NT 6.3; WOW64; rv:53.0) Gecko/20100101 Firefox/53.0', '64591126cccc2bbd48fb30372bb81992348cb023', '2017-05-26 16:32:55'),
(11, 1, '10.1.5.1', 'Mozilla/5.0 (Windows NT 6.3; Win64; x64) AppleWebKit/537.36 (KHTML, like Gecko) Chrome/58.0.3029.110 Safari/537.36', '163620dd9add4ec607e2858c8c051cfd5329e3d6', '2017-05-26 16:33:40'),
(12, 1, '10.1.5.1', 'Mozilla/5.0 (Windows NT 6.3; Win64; x64) AppleWebKit/537.36 (KHTML, like Gecko) Chrome/58.0.3029.110 Safari/537.36', '8ce1b7d57293d0cf149c5dc8a169688e474be272', '2017-05-29 12:36:49'),
(13, 1, '10.1.5.1', 'Mozilla/5.0 (Windows NT 6.3; Win64; x64) AppleWebKit/537.36 (KHTML, like Gecko) Chrome/58.0.3029.110 Safari/537.36', '5dae409da5b1c9ebe377d97d90d10031164f06cb', '2017-05-29 14:46:00'),
(14, 1, '10.1.5.1', 'Mozilla/5.0 (Windows NT 6.3; Win64; x64) AppleWebKit/537.36 (KHTML, like Gecko) Chrome/58.0.3029.110 Safari/537.36', '009692702c9d33b2bad6f414ea6b83cfe458f7c0', '2017-05-29 14:48:38'),
(15, 4, '10.1.5.1', 'Mozilla/5.0 (Windows NT 6.3; Win64; x64) AppleWebKit/537.36 (KHTML, like Gecko) Chrome/58.0.3029.110 Safari/537.36', '3839b793d58a49a7210053c7fc1f37942e253623', '2017-05-29 16:19:30'),
(16, 1, '10.1.5.1', 'Mozilla/5.0 (Windows NT 6.3; Win64; x64) AppleWebKit/537.36 (KHTML, like Gecko) Chrome/58.0.3029.110 Safari/537.36', '161b8240ea1ecc2b8580f0e7998275b29656f646', '2017-05-29 16:21:20'),
(17, 4, '10.1.5.1', 'Mozilla/5.0 (Windows NT 6.3; Win64; x64) AppleWebKit/537.36 (KHTML, like Gecko) Chrome/58.0.3029.110 Safari/537.36', '814e49db04902ce3745d58cff148c59c68e5bf20', '2017-05-29 16:22:05'),
(18, 1, '10.1.5.1', 'Mozilla/5.0 (Windows NT 6.3; Win64; x64) AppleWebKit/537.36 (KHTML, like Gecko) Chrome/58.0.3029.110 Safari/537.36', 'a0cb40e9ff7c851f1f3a7c283dcff136e2bc41f0', '2017-05-29 16:23:50'),
(19, 4, '10.1.5.1', 'Mozilla/5.0 (Windows NT 6.3; Win64; x64) AppleWebKit/537.36 (KHTML, like Gecko) Chrome/58.0.3029.110 Safari/537.36', 'f709ee8f7a589065619273f9ce138af211960cca', '2017-05-29 16:24:51'),
(20, 1, '10.1.5.1', 'Mozilla/5.0 (Windows NT 6.3; Win64; x64) AppleWebKit/537.36 (KHTML, like Gecko) Chrome/58.0.3029.110 Safari/537.36', '7fbc678929b8105231459d2fe82dca740519633f', '2017-05-29 16:25:36'),
(21, 4, '10.1.5.1', 'Mozilla/5.0 (Windows NT 6.3; Win64; x64) AppleWebKit/537.36 (KHTML, like Gecko) Chrome/58.0.3029.110 Safari/537.36', 'bd2833b83dbeb945262bcb9af550e80d7cf44480', '2017-05-29 16:27:22'),
(22, 1, '10.1.5.1', 'Mozilla/5.0 (Windows NT 6.3; Win64; x64) AppleWebKit/537.36 (KHTML, like Gecko) Chrome/58.0.3029.110 Safari/537.36', '1eda174080fb2c0fec29fc6dadc30ac70112f1a5', '2017-05-29 16:28:04'),
(23, 1, '10.1.5.1', 'Mozilla/5.0 (Windows NT 6.3; Win64; x64) AppleWebKit/537.36 (KHTML, like Gecko) Chrome/58.0.3029.110 Safari/537.36', '49086df3045df65bdff77e490747f9067416c1a1', '2017-05-30 08:46:40'),
(24, 1, '10.1.5.1', 'Mozilla/5.0 (Windows NT 6.3; Win64; x64) AppleWebKit/537.36 (KHTML, like Gecko) Chrome/58.0.3029.110 Safari/537.36', 'aee1d31b43b957d6239c3286266f5786506937c2', '2017-05-30 11:45:37'),
(25, 1, '10.1.5.1', 'Mozilla/5.0 (Windows NT 6.3; Win64; x64) AppleWebKit/537.36 (KHTML, like Gecko) Chrome/58.0.3029.110 Safari/537.36', '2bc0e1d5379a93a84dd7ae6cdf78c543667f32e8', '2017-05-30 13:45:41'),
(26, 1, '10.1.5.1', 'Mozilla/5.0 (Windows NT 6.3; Win64; x64) AppleWebKit/537.36 (KHTML, like Gecko) Chrome/58.0.3029.110 Safari/537.36', '6049c90afa10466362246891842b280a28dd9214', '2017-05-31 09:27:25'),
(27, 1, '10.1.5.1', 'Mozilla/5.0 (Windows NT 6.3; Win64; x64) AppleWebKit/537.36 (KHTML, like Gecko) Chrome/58.0.3029.110 Safari/537.36', 'b2bd525d90a3fe8f82e1797ab4b4d72771b7efda', '2017-05-31 12:47:26'),
(28, 6, '10.1.5.1', 'Mozilla/5.0 (Windows NT 6.3; Win64; x64) AppleWebKit/537.36 (KHTML, like Gecko) Chrome/58.0.3029.110 Safari/537.36', '82ff393b73c57279f317ee77970ae5487360b283', '2017-05-31 13:30:05'),
(29, 1, '10.1.5.1', 'Mozilla/5.0 (Windows NT 6.3; Win64; x64) AppleWebKit/537.36 (KHTML, like Gecko) Chrome/58.0.3029.110 Safari/537.36', 'ec6adee8e297f44c1adc39da8cc70388be2a682b', '2017-05-31 14:22:31'),
(30, 1, '10.1.5.1', 'Mozilla/5.0 (Windows NT 6.3; Win64; x64) AppleWebKit/537.36 (KHTML, like Gecko) Chrome/58.0.3029.110 Safari/537.36', 'afa4148afb4a52c27069b1091c06445f013fef5d', '2017-05-31 15:32:07'),
(31, 1, '10.1.5.1', 'Mozilla/5.0 (Windows NT 6.3; Win64; x64) AppleWebKit/537.36 (KHTML, like Gecko) Chrome/58.0.3029.110 Safari/537.36', 'fd118136cce9dd3d44778a6a2cab6a8d8fa9758e', '2017-05-31 18:01:51'),
(32, 1, '10.1.5.1', 'Mozilla/5.0 (Windows NT 6.3; Win64; x64) AppleWebKit/537.36 (KHTML, like Gecko) Chrome/58.0.3029.110 Safari/537.36', '7d2f145b24b1d67132c7635afa387d3ec4a9ff53', '2017-05-31 18:02:21'),
(33, 6, '10.1.5.1', 'Mozilla/5.0 (Windows NT 6.3; Win64; x64) AppleWebKit/537.36 (KHTML, like Gecko) Chrome/58.0.3029.110 Safari/537.36', '88fa8296840dae37a8920902570ff6b86d5da202', '2017-06-01 07:08:01'),
(34, 5, '10.1.5.1', 'Mozilla/5.0 (Windows NT 6.3; Win64; x64) AppleWebKit/537.36 (KHTML, like Gecko) Chrome/58.0.3029.110 Safari/537.36', 'e52f749f357ca5b4b3ab27a18b54c63a3388595e', '2017-06-01 07:09:24'),
(35, 5, '10.1.5.1', 'Mozilla/5.0 (Windows NT 6.3; Win64; x64) AppleWebKit/537.36 (KHTML, like Gecko) Chrome/58.0.3029.110 Safari/537.36', '4b8c67ec19fc51f8ccfc6aa7493c15f904315634', '2017-06-01 07:14:09'),
(36, 9, '10.1.5.1', 'Mozilla/5.0 (Windows NT 6.3; WOW64; rv:46.0) Gecko/20100101 Firefox/46.0', 'c85e396668a593d36eacf537c54a6110fc957292', '2017-06-01 07:31:08'),
(37, 1, '10.1.5.1', 'Mozilla/5.0 (Windows NT 6.3; WOW64; rv:46.0) Gecko/20100101 Firefox/46.0', '590df60fae4fbdb8a5942c0d17e1ff4f88330435', '2017-06-01 07:31:30'),
(38, 1, '10.1.5.1', 'Mozilla/5.0 (Windows NT 6.3; Win64; x64) AppleWebKit/537.36 (KHTML, like Gecko) Chrome/58.0.3029.110 Safari/537.36', '7f53216236ba4d0d0e19c1e165ca51b5541b7838', '2017-06-01 08:31:43'),
(39, 1, '10.1.5.1', 'Mozilla/5.0 (Windows NT 6.3; Win64; x64) AppleWebKit/537.36 (KHTML, like Gecko) Chrome/58.0.3029.110 Safari/537.36', 'cd12319b84b87bcc0285e32a1acce6085667d30e', '2017-06-01 08:32:44'),
(40, 1, '10.1.5.1', 'Mozilla/5.0 (Windows NT 6.3; Win64; x64) AppleWebKit/537.36 (KHTML, like Gecko) Chrome/58.0.3029.110 Safari/537.36', '2efedfd0bdcf23e57a5fea70588f5590f5b2e2a1', '2017-06-01 08:34:32'),
(41, 1, '10.1.5.1', 'Mozilla/5.0 (Windows NT 6.3; Win64; x64) AppleWebKit/537.36 (KHTML, like Gecko) Chrome/58.0.3029.110 Safari/537.36', 'cd12319b84b87bcc0285e32a1acce6085667d30e', '2017-06-01 08:34:50'),
(42, 1, '10.1.5.1', 'Mozilla/5.0 (Windows NT 6.3; Win64; x64) AppleWebKit/537.36 (KHTML, like Gecko) Chrome/58.0.3029.110 Safari/537.36', 'cd12319b84b87bcc0285e32a1acce6085667d30e', '2017-06-01 08:34:52'),
(43, 1, '10.1.5.1', 'Mozilla/5.0 (Windows NT 6.3; Win64; x64) AppleWebKit/537.36 (KHTML, like Gecko) Chrome/58.0.3029.110 Safari/537.36', 'cd12319b84b87bcc0285e32a1acce6085667d30e', '2017-06-01 08:34:52'),
(44, 5, '10.1.5.1', 'Mozilla/5.0 (Windows NT 6.3; Win64; x64) AppleWebKit/537.36 (KHTML, like Gecko) Chrome/58.0.3029.110 Safari/537.36', 'aee3367e9c0f6380ea43055d02662066d567a365', '2017-06-01 08:35:49'),
(45, 6, '10.1.5.1', 'Mozilla/5.0 (Windows NT 6.3; WOW64; rv:46.0) Gecko/20100101 Firefox/46.0', 'a48a0ba9e8b30ae8ab26c2238d78ae2897ea10c7', '2017-06-01 08:42:33'),
(46, 6, '10.1.5.1', 'Mozilla/5.0 (Windows NT 6.3; WOW64; rv:46.0) Gecko/20100101 Firefox/46.0', '7ea0eb59b701d029346aec1a2333d20c2bf9e206', '2017-06-01 14:22:30'),
(47, 1, '10.1.5.1', 'Mozilla/5.0 (Windows NT 6.3; Win64; x64) AppleWebKit/537.36 (KHTML, like Gecko) Chrome/58.0.3029.110 Safari/537.36', '9a7f34e6167ec6dc4a5f8b101b6d66b3768dec1b', '2017-06-01 15:00:09'),
(48, 6, '10.1.5.1', 'Mozilla/5.0 (Windows NT 6.3; Win64; x64) AppleWebKit/537.36 (KHTML, like Gecko) Chrome/58.0.3029.110 Safari/537.36', 'f1977376166149c6b25089a186c07bb36902d6fe', '2017-06-01 15:15:03'),
(49, 6, '10.1.5.1', 'Mozilla/5.0 (Windows NT 6.3; WOW64; rv:46.0) Gecko/20100101 Firefox/46.0', '560afd578c651fb81ab0faf32f237c9179ae1622', '2017-06-02 09:48:16'),
(50, 5, '10.1.5.1', 'Mozilla/5.0 (Windows NT 6.3; Win64; x64) AppleWebKit/537.36 (KHTML, like Gecko) Chrome/58.0.3029.110 Safari/537.36', '0863232b3d54c9c9cc96c8c6b2c260fae966b33b', '2017-06-02 09:48:19'),
(51, 5, '10.1.5.1', 'Mozilla/5.0 (Windows NT 6.3; Win64; x64) AppleWebKit/537.36 (KHTML, like Gecko) Chrome/58.0.3029.110 Safari/537.36', '0863232b3d54c9c9cc96c8c6b2c260fae966b33b', '2017-06-02 09:56:13'),
(52, 1, '10.1.5.1', 'Mozilla/5.0 (Windows NT 6.3; Win64; x64) AppleWebKit/537.36 (KHTML, like Gecko) Chrome/58.0.3029.110 Safari/537.36', '0863232b3d54c9c9cc96c8c6b2c260fae966b33b', '2017-06-02 09:56:16'),
(53, 1, '10.1.5.1', 'Mozilla/5.0 (Windows NT 6.3; Win64; x64) AppleWebKit/537.36 (KHTML, like Gecko) Chrome/58.0.3029.110 Safari/537.36', '1534d0ee6595bca1ce745d29cc26018f3a3e1ecc', '2017-06-02 09:56:34'),
(54, 6, '10.1.5.1', 'Mozilla/5.0 (Windows NT 6.3; WOW64; rv:46.0) Gecko/20100101 Firefox/46.0', '560afd578c651fb81ab0faf32f237c9179ae1622', '2017-06-02 09:57:47'),
(55, 6, '10.1.5.1', 'Mozilla/5.0 (Windows NT 6.3; WOW64; rv:46.0) Gecko/20100101 Firefox/46.0', '560afd578c651fb81ab0faf32f237c9179ae1622', '2017-06-02 09:58:06'),
(56, 6, '10.1.5.1', 'Mozilla/5.0 (Windows NT 6.3; WOW64; rv:46.0) Gecko/20100101 Firefox/46.0', '560afd578c651fb81ab0faf32f237c9179ae1622', '2017-06-02 10:00:16'),
(57, 6, '10.1.5.1', 'Mozilla/5.0 (Windows NT 6.3; WOW64; rv:46.0) Gecko/20100101 Firefox/46.0', 'fd94c1d98136669e026fff23d8801f9a4804b389', '2017-06-02 10:00:49'),
(58, 1, '10.1.5.1', 'Mozilla/5.0 (Windows NT 6.3; Win64; x64) AppleWebKit/537.36 (KHTML, like Gecko) Chrome/58.0.3029.110 Safari/537.36', 'd63a96bf06eab8fa781795e39379291e5d481e9a', '2017-06-02 12:26:43'),
(59, 6, '10.1.5.1', 'Mozilla/5.0 (Windows NT 6.3; WOW64; rv:46.0) Gecko/20100101 Firefox/46.0', '271b9f4c8cbdd4b420de77e80024d21f98a0bcc9', '2017-06-02 14:22:56'),
(60, 6, '10.1.5.1', 'Mozilla/5.0 (Windows NT 6.3; Win64; x64) AppleWebKit/537.36 (KHTML, like Gecko) Chrome/58.0.3029.110 Safari/537.36', '09a51902abefb6722a75eb894f911ea79fa79ee1', '2017-06-02 17:33:01'),
(61, 6, '10.1.5.1', 'Mozilla/5.0 (Windows NT 6.3; WOW64; rv:46.0) Gecko/20100101 Firefox/46.0', '7bcafbd6166141360301787dbfcac0a4f070311e', '2017-06-05 07:51:28'),
(62, 1, '10.1.5.1', 'Mozilla/5.0 (Windows NT 6.3; Win64; x64) AppleWebKit/537.36 (KHTML, like Gecko) Chrome/58.0.3029.110 Safari/537.36', 'ed2c07154fc8e334f44f22d6fe803de3099e9187', '2017-06-05 08:12:40'),
(63, 5, '10.1.5.1', 'Mozilla/5.0 (Windows NT 6.3; Win64; x64) AppleWebKit/537.36 (KHTML, like Gecko) Chrome/58.0.3029.110 Safari/537.36', 'fcfedb48df134e6671ddd8a849ca5637d07856ac', '2017-06-05 08:15:06'),
(64, 1, '10.1.5.1', 'Mozilla/5.0 (Windows NT 6.3; Win64; x64) AppleWebKit/537.36 (KHTML, like Gecko) Chrome/58.0.3029.110 Safari/537.36', 'ececd2ab7d9a321c98076c20f2e02a646503e730', '2017-06-05 08:22:25'),
(65, 1, '10.1.5.1', 'Mozilla/5.0 (Windows NT 6.3; Win64; x64) AppleWebKit/537.36 (KHTML, like Gecko) Chrome/58.0.3029.110 Safari/537.36', '9a0a91b6b7209760bd9b082be08d35dd6242baea', '2017-06-05 16:43:36'),
(66, 1, '10.1.5.1', 'Mozilla/5.0 (Windows NT 6.3; Win64; x64) AppleWebKit/537.36 (KHTML, like Gecko) Chrome/58.0.3029.110 Safari/537.36', '742f1931b7415aa2d4e804617c2a70a36650a08a', '2017-06-06 08:14:30'),
(67, 1, '10.1.5.1', 'Mozilla/5.0 (Windows NT 6.3; Win64; x64) AppleWebKit/537.36 (KHTML, like Gecko) Chrome/58.0.3029.110 Safari/537.36', '819037676c0ef9adffe82a5b7c3a04a71a38d132', '2017-06-07 10:35:50'),
(68, 5, '10.1.5.1', 'Mozilla/5.0 (Windows NT 6.3; Win64; x64) AppleWebKit/537.36 (KHTML, like Gecko) Chrome/58.0.3029.110 Safari/537.36', '91b2bc7d7d9d5cf1226a1c89cbedd954e2951bb4', '2017-06-07 10:48:51'),
(69, 1, '10.1.5.1', 'Mozilla/5.0 (Windows NT 6.3; Win64; x64) AppleWebKit/537.36 (KHTML, like Gecko) Chrome/58.0.3029.110 Safari/537.36', 'aaf06eaff968fa4b9b95a6961b8691ca9ca77a29', '2017-06-07 15:20:07'),
(70, 5, '10.1.5.1', 'Mozilla/5.0 (Windows NT 6.3; Win64; x64) AppleWebKit/537.36 (KHTML, like Gecko) Chrome/58.0.3029.110 Safari/537.36', '1b1f01ebae8a70ee9ddd6716dcac6ef3ede7abb1', '2017-06-07 15:38:22'),
(71, 6, '10.1.5.1', 'Mozilla/5.0 (Windows NT 6.3; WOW64; rv:46.0) Gecko/20100101 Firefox/46.0', 'cdfa13784d1af38c9f40a622492816683b9c8f0b', '2017-06-08 08:08:34'),
(72, 5, '10.1.5.1', 'Mozilla/5.0 (Windows NT 6.3; Win64; x64) AppleWebKit/537.36 (KHTML, like Gecko) Chrome/58.0.3029.110 Safari/537.36', '0d714c1d4e93e68120291e1ba2f4220d6e54811c', '2017-06-08 08:14:42'),
(73, 5, '10.1.5.1', 'Mozilla/5.0 (Windows NT 6.3; Win64; x64) AppleWebKit/537.36 (KHTML, like Gecko) Chrome/58.0.3029.110 Safari/537.36', 'bb7966d90df22afef5836b3d2d6d46c6e5cc216a', '2017-06-08 11:37:14'),
(74, 5, '10.1.5.1', 'Mozilla/5.0 (Windows NT 6.3; Win64; x64) AppleWebKit/537.36 (KHTML, like Gecko) Chrome/58.0.3029.110 Safari/537.36', '7395f4115bea45aca545e1029184e55fd9d6af2d', '2017-06-08 11:43:46'),
(75, 1, '10.1.5.1', 'Mozilla/5.0 (Windows NT 6.3; Win64; x64) AppleWebKit/537.36 (KHTML, like Gecko) Chrome/58.0.3029.110 Safari/537.36', 'cd96d7fe2994ec349b5c746e0a563bc17ace6a97', '2017-06-08 12:48:22'),
(76, 1, '10.1.5.1', 'Mozilla/5.0 (Windows NT 6.3; Win64; x64) AppleWebKit/537.36 (KHTML, like Gecko) Chrome/58.0.3029.110 Safari/537.36', 'e2801f84f96c73f348bb67b9c499d0b0250874d5', '2017-06-08 13:58:25'),
(77, 5, '10.1.5.1', 'Mozilla/5.0 (Windows NT 6.3; Win64; x64) AppleWebKit/537.36 (KHTML, like Gecko) Chrome/58.0.3029.110 Safari/537.36', '58d6358a0edc38958455483b8eab95773a1e68eb', '2017-06-08 16:03:21'),
(78, 5, '10.1.5.1', 'Mozilla/5.0 (Windows NT 6.3; Win64; x64) AppleWebKit/537.36 (KHTML, like Gecko) Chrome/58.0.3029.110 Safari/537.36', 'b2209a8d836d1b63cc31a5951f418cf238c1ec09', '2017-06-09 12:54:58'),
(79, 6, '10.1.5.1', 'Mozilla/5.0 (Windows NT 6.3; WOW64; rv:46.0) Gecko/20100101 Firefox/46.0', '14fb26346c89c75b14ff2667c00adee341406b37', '2017-06-09 13:33:44'),
(80, 5, '10.1.5.1', 'Mozilla/5.0 (Windows NT 6.3; Win64; x64) AppleWebKit/537.36 (KHTML, like Gecko) Chrome/58.0.3029.110 Safari/537.36', '790d1f58928d69ccdb2aa992c3f4b990b4c66db0', '2017-06-13 09:11:01'),
(81, 5, '10.1.5.1', 'Mozilla/5.0 (Windows NT 6.3; Win64; x64) AppleWebKit/537.36 (KHTML, like Gecko) Chrome/58.0.3029.110 Safari/537.36', '3d7bddd2316c0c3843c289c4e9fcb168af5eb107', '2017-06-14 09:43:21'),
(82, 5, '10.1.5.1', 'Mozilla/5.0 (Windows NT 6.3; Win64; x64) AppleWebKit/537.36 (KHTML, like Gecko) Chrome/58.0.3029.110 Safari/537.36', '1b98c9ee58a52d421728cb041e588ba51398e85f', '2017-06-15 11:41:18'),
(83, 1, '10.1.5.1', 'Mozilla/5.0 (Windows NT 6.3; Win64; x64) AppleWebKit/537.36 (KHTML, like Gecko) Chrome/58.0.3029.110 Safari/537.36', 'd382c7b80a3d74362a73db0dfd5dc315f9b31aaf', '2017-06-15 13:36:32'),
(84, 1, '10.1.5.1', 'Mozilla/5.0 (Windows NT 6.3; Win64; x64) AppleWebKit/537.36 (KHTML, like Gecko) Chrome/58.0.3029.110 Safari/537.36', '14faa5d72948cc54740201ce3c815deb19783f61', '2017-06-20 10:11:07'),
(85, 5, '10.1.5.1', 'Mozilla/5.0 (Windows NT 6.3; Win64; x64) AppleWebKit/537.36 (KHTML, like Gecko) Chrome/58.0.3029.110 Safari/537.36', '08274c568f8459ef7f46187b3d992a1c6eef09b1', '2017-06-20 10:11:53'),
(86, 5, '10.1.5.1', 'Mozilla/5.0 (Windows NT 10.0; Win64; x64) AppleWebKit/537.36 (KHTML, like Gecko) Chrome/58.0.3029.110 Safari/537.36', '33d9663a33c0495951b950678329ff89c94729c3', '2017-06-20 10:13:51'),
(87, 1, '10.1.5.1', 'Mozilla/5.0 (Windows NT 6.3; Win64; x64) AppleWebKit/537.36 (KHTML, like Gecko) Chrome/58.0.3029.110 Safari/537.36', 'a4b59edc8cd43be9becfe079b3020480a90baee9', '2017-06-20 10:58:02'),
(88, 5, '10.1.5.1', 'Mozilla/5.0 (Windows NT 10.0; Win64; x64) AppleWebKit/537.36 (KHTML, like Gecko) Chrome/58.0.3029.110 Safari/537.36', 'ac927fc243fe43e0fc29140f52a54fa93831cdf9', '2017-06-20 13:40:13'),
(89, 5, '10.1.5.1', 'Mozilla/5.0 (Windows NT 6.3; Win64; x64) AppleWebKit/537.36 (KHTML, like Gecko) Chrome/58.0.3029.110 Safari/537.36', '84a827ec2f04ad4b2133a4810034dcc981a11002', '2017-06-20 16:19:01'),
(90, 5, '10.1.5.1', 'Mozilla/5.0 (Windows NT 10.0; Win64; x64) AppleWebKit/537.36 (KHTML, like Gecko) Chrome/58.0.3029.110 Safari/537.36', 'd7966ac02472f3511ed8ea9f558892eb5d50fb4e', '2017-06-21 12:06:12'),
(91, 5, '10.1.5.1', 'Mozilla/5.0 (Windows NT 6.3; Win64; x64) AppleWebKit/537.36 (KHTML, like Gecko) Chrome/58.0.3029.110 Safari/537.36', '6c2472da968d90af20774a4b57eb18516b592774', '2017-06-21 14:30:21'),
(92, 5, '10.1.5.1', 'Mozilla/5.0 (Windows NT 6.3; Win64; x64) AppleWebKit/537.36 (KHTML, like Gecko) Chrome/58.0.3029.110 Safari/537.36', '375453bcd2de659363262b5ad51af507379c5f63', '2017-06-21 15:32:04'),
(93, 5, '10.1.5.1', 'Mozilla/5.0 (Windows NT 6.3; Win64; x64) AppleWebKit/537.36 (KHTML, like Gecko) Chrome/58.0.3029.110 Safari/537.36', 'e4e37a75f4bbf6b080cd197f027a25f959699d79', '2017-06-22 14:59:10'),
(94, 1, '10.1.5.1', 'Mozilla/5.0 (Windows NT 6.3; Win64; x64) AppleWebKit/537.36 (KHTML, like Gecko) Chrome/58.0.3029.110 Safari/537.36', 'a792ca61e442a9f454c0e8cc62d21947f56bc75c', '2017-06-22 16:44:31'),
(95, 5, '10.1.5.1', 'Mozilla/5.0 (Windows NT 6.3; Win64; x64) AppleWebKit/537.36 (KHTML, like Gecko) Chrome/58.0.3029.110 Safari/537.36', '41decc381dcd4461d5b7b303f7bbf1ab20ea154c', '2017-06-23 08:45:11'),
(96, 1, '10.1.5.1', 'Mozilla/5.0 (Windows NT 6.3; Win64; x64) AppleWebKit/537.36 (KHTML, like Gecko) Chrome/58.0.3029.110 Safari/537.36', '3c2f76508632d2dcdf89c505709903e86e3b7b81', '2017-06-23 14:17:09'),
(97, 1, '10.1.5.1', 'Mozilla/5.0 (Windows NT 6.3; Win64; x64) AppleWebKit/537.36 (KHTML, like Gecko) Chrome/58.0.3029.110 Safari/537.36', 'f844124a528a05ca58d2d82ce39743e3acda3357', '2017-06-27 12:47:09'),
(98, 1, '10.1.5.1', 'Mozilla/5.0 (Windows NT 6.3; Win64; x64) AppleWebKit/537.36 (KHTML, like Gecko) Chrome/58.0.3029.110 Safari/537.36', '1b68d77877a8cbcd8b5dbaf692e0bdea7b3e179b', '2017-06-28 08:40:25'),
(99, 5, '10.1.5.1', 'Mozilla/5.0 (Windows NT 6.3; Win64; x64) AppleWebKit/537.36 (KHTML, like Gecko) Chrome/58.0.3029.110 Safari/537.36', '28afe56022fbea7100b876b47e1f91a717c74013', '2017-06-28 10:12:14'),
(100, 1, '10.1.5.1', 'Mozilla/5.0 (Windows NT 6.3; Win64; x64) AppleWebKit/537.36 (KHTML, like Gecko) Chrome/58.0.3029.110 Safari/537.36', '51cf6b77fef2a2e4e6f74196a4b6361aba2a0060', '2017-06-28 12:01:52'),
(101, 5, '10.1.5.1', 'Mozilla/5.0 (Windows NT 6.3; Win64; x64) AppleWebKit/537.36 (KHTML, like Gecko) Chrome/58.0.3029.110 Safari/537.36', 'de80cc18876c0b5dc55ed73a850fcf401ece071c', '2017-06-28 14:55:13'),
(102, 5, '10.1.5.1', 'Mozilla/5.0 (Windows NT 6.3; WOW64; rv:54.0) Gecko/20100101 Firefox/54.0', '57ab3bbd7b94cfbfcd4db699011d8bdb61e0dfca', '2017-06-29 09:04:24'),
(103, 5, '10.1.5.1', 'Mozilla/5.0 (Windows NT 6.3; Win64; x64) AppleWebKit/537.36 (KHTML, like Gecko) Chrome/58.0.3029.110 Safari/537.36', '74bd99698d3f73fc5bfa7306e3f2619bbf3fe9b0', '2017-06-29 09:04:53'),
(104, 1, '10.1.5.1', 'Mozilla/5.0 (Windows NT 6.3; Win64; x64) AppleWebKit/537.36 (KHTML, like Gecko) Chrome/58.0.3029.110 Safari/537.36', 'f0de4192721764b938b4822275f1e07dc19db1fb', '2017-06-29 12:06:11'),
(105, 1, '10.1.5.1', 'Mozilla/5.0 (Windows NT 6.3; Win64; x64) AppleWebKit/537.36 (KHTML, like Gecko) Chrome/59.0.3071.115 Safari/537.36', '5fcc42032763107e2d18faf305562376db6935dd', '2017-06-30 08:25:52'),
(106, 1, '10.1.5.1', 'Mozilla/5.0 (Windows NT 6.3; Win64; x64) AppleWebKit/537.36 (KHTML, like Gecko) Chrome/59.0.3071.115 Safari/537.36', 'b1bd86d4c7d7246865fb682d0db5621ee857dcdb', '2017-06-30 13:38:03'),
(107, 5, '10.1.5.1', 'Mozilla/5.0 (Windows NT 6.3; Win64; x64) AppleWebKit/537.36 (KHTML, like Gecko) Chrome/59.0.3071.115 Safari/537.36', '8d5c2955b38cca12d1ef3b347d73cf0d0460468a', '2017-07-04 10:21:16'),
(108, 5, '10.1.5.1', 'Mozilla/5.0 (Windows NT 6.3; Win64; x64) AppleWebKit/537.36 (KHTML, like Gecko) Chrome/59.0.3071.115 Safari/537.36', '71e143f5bf865d1cb72fabc3a0e8e421b0f317c7', '2017-07-04 15:24:17'),
(109, 1, '10.1.5.1', 'Mozilla/5.0 (Windows NT 6.3; Win64; x64) AppleWebKit/537.36 (KHTML, like Gecko) Chrome/59.0.3071.115 Safari/537.36', '1086a5834ba1b3a0bf4d427b5570e9124ef28553', '2017-07-05 08:43:00'),
(110, 5, '10.1.5.1', 'Mozilla/5.0 (Windows NT 6.3; Win64; x64) AppleWebKit/537.36 (KHTML, like Gecko) Chrome/59.0.3071.115 Safari/537.36', 'f51b6c2115a67312fe27bfa01563db1a77fc3d87', '2017-07-05 09:26:08'),
(111, 1, '10.1.5.1', 'Mozilla/5.0 (Windows NT 6.3; Win64; x64) AppleWebKit/537.36 (KHTML, like Gecko) Chrome/59.0.3071.115 Safari/537.36', 'a53d133a0128835cf3876daa5f5b67c3ac81d4a6', '2017-07-05 12:25:02'),
(112, 5, '10.1.5.1', 'Mozilla/5.0 (Windows NT 6.3; WOW64; rv:54.0) Gecko/20100101 Firefox/54.0', 'd7ca4bb63367b77ca628cad0120a61c640d798ea', '2017-07-05 13:46:32'),
(113, 1, '10.1.5.1', 'Mozilla/5.0 (Windows NT 6.3; Win64; x64) AppleWebKit/537.36 (KHTML, like Gecko) Chrome/59.0.3071.115 Safari/537.36', 'be0f590517b1cb8a396171f38cbcc37a072d1a85', '2017-07-07 08:41:29'),
(114, 1, '10.1.5.1', 'Mozilla/5.0 (Windows NT 6.3; Win64; x64) AppleWebKit/537.36 (KHTML, like Gecko) Chrome/59.0.3071.115 Safari/537.36', 'e4954f933edc4ee1ab3056844d9c30c158de0012', '2017-07-07 08:55:45'),
(115, 1, '10.1.5.1', 'Mozilla/5.0 (iPhone; CPU iPhone OS 9_1 like Mac OS X) AppleWebKit/601.1.46 (KHTML, like Gecko) Version/9.0 Mobile/13B143 Safari/601.1', 'd1ed32fa8fd5b3184f31f71d6f9f9345da0efc7c', '2017-07-07 09:03:12'),
(116, 1, '10.1.5.1', 'Mozilla/5.0 (iPhone; CPU iPhone OS 9_1 like Mac OS X) AppleWebKit/601.1.46 (KHTML, like Gecko) Version/9.0 Mobile/13B143 Safari/601.1', 'cb40f690e864aecac095495540ed4f3faa5f4a21', '2017-07-07 09:07:23'),
(117, 5, '10.1.5.1', 'Mozilla/5.0 (Windows NT 6.3; Win64; x64) AppleWebKit/537.36 (KHTML, like Gecko) Chrome/59.0.3071.115 Safari/537.36', '0920259d6aad914d72f8cdbc12dae1ff46073d88', '2017-07-07 09:15:11'),
(118, 1, '10.1.5.1', 'Mozilla/5.0 (Windows NT 6.3; Win64; x64) AppleWebKit/537.36 (KHTML, like Gecko) Chrome/59.0.3071.115 Safari/537.36', 'df9ffc04d510690db9d4e64319cbfa8010aecd29', '2017-07-07 10:29:56'),
(119, 5, '10.1.5.1', 'Mozilla/5.0 (Windows NT 6.3; Win64; x64) AppleWebKit/537.36 (KHTML, like Gecko) Chrome/59.0.3071.115 Safari/537.36', '77b6dced49531727351989fe5b075784cc8361bd', '2017-07-07 11:45:58'),
(120, 5, '10.1.5.1', 'Mozilla/5.0 (Windows NT 6.3; Win64; x64) AppleWebKit/537.36 (KHTML, like Gecko) Chrome/59.0.3071.115 Safari/537.36', 'a7bc6e6ffdcfdd61bcac18b9f90b0f1e1a450deb', '2017-07-07 12:19:53'),
(121, 5, '10.1.5.1', 'Mozilla/5.0 (Windows NT 6.3; Win64; x64) AppleWebKit/537.36 (KHTML, like Gecko) Chrome/59.0.3071.115 Safari/537.36', '904ea2405030b29fa25c22882ccd012b4a368086', '2017-07-07 14:11:34'),
(122, 1, '10.1.5.1', 'Mozilla/5.0 (Windows NT 6.3; Win64; x64) AppleWebKit/537.36 (KHTML, like Gecko) Chrome/59.0.3071.115 Safari/537.36', '03d29dc3d62f1fbb4d1bd49f175e124cb2b7e99f', '2017-07-07 14:13:16'),
(123, 1, '10.1.5.1', 'Mozilla/5.0 (Windows NT 6.3; Win64; x64) AppleWebKit/537.36 (KHTML, like Gecko) Chrome/59.0.3071.115 Safari/537.36', 'dd9e29375bc960d0ac544e663dfd988193233d7d', '2017-07-07 15:34:53'),
(124, 1, '10.1.5.1', 'Mozilla/5.0 (Windows NT 6.3; Win64; x64) AppleWebKit/537.36 (KHTML, like Gecko) Chrome/59.0.3071.115 Safari/537.36', '03d29dc3d62f1fbb4d1bd49f175e124cb2b7e99f', '2017-07-07 15:36:45'),
(125, 1, '10.1.5.1', 'Mozilla/5.0 (Windows NT 6.3; Win64; x64) AppleWebKit/537.36 (KHTML, like Gecko) Chrome/59.0.3071.115 Safari/537.36', '03d29dc3d62f1fbb4d1bd49f175e124cb2b7e99f', '2017-07-07 15:36:51'),
(126, 1, '10.1.5.1', 'Mozilla/5.0 (Windows NT 6.3; Win64; x64) AppleWebKit/537.36 (KHTML, like Gecko) Chrome/59.0.3071.115 Safari/537.36', '03d29dc3d62f1fbb4d1bd49f175e124cb2b7e99f', '2017-07-07 15:37:02'),
(127, 1, '10.1.5.1', 'Mozilla/5.0 (Windows NT 6.3; Win64; x64) AppleWebKit/537.36 (KHTML, like Gecko) Chrome/59.0.3071.115 Safari/537.36', '03d29dc3d62f1fbb4d1bd49f175e124cb2b7e99f', '2017-07-07 15:37:14'),
(128, 5, '10.1.5.1', 'Mozilla/5.0 (Windows NT 6.3; Win64; x64) AppleWebKit/537.36 (KHTML, like Gecko) Chrome/59.0.3071.115 Safari/537.36', '03d29dc3d62f1fbb4d1bd49f175e124cb2b7e99f', '2017-07-07 15:37:34'),
(129, 5, '10.1.5.1', 'Mozilla/5.0 (Windows NT 6.3; Win64; x64) AppleWebKit/537.36 (KHTML, like Gecko) Chrome/59.0.3071.115 Safari/537.36', '765b4ade80c7373101fe5db849fa1d24dd8eff5a', '2017-07-07 15:38:22'),
(130, 1, '10.1.5.1', 'Mozilla/5.0 (Windows NT 6.3; Win64; x64) AppleWebKit/537.36 (KHTML, like Gecko) Chrome/59.0.3071.115 Safari/537.36', 'dd9e29375bc960d0ac544e663dfd988193233d7d', '2017-07-07 15:41:30'),
(131, 1, '10.1.5.1', 'Mozilla/5.0 (Windows NT 6.3; Win64; x64) AppleWebKit/537.36 (KHTML, like Gecko) Chrome/59.0.3071.115 Safari/537.36', 'dd9e29375bc960d0ac544e663dfd988193233d7d', '2017-07-07 15:41:38'),
(132, 1, '10.1.5.1', 'Mozilla/5.0 (Windows NT 6.3; Win64; x64) AppleWebKit/537.36 (KHTML, like Gecko) Chrome/59.0.3071.115 Safari/537.36', 'dd9e29375bc960d0ac544e663dfd988193233d7d', '2017-07-07 15:42:10'),
(133, 1, '10.1.5.1', 'Mozilla/5.0 (Windows NT 6.3; Win64; x64) AppleWebKit/537.36 (KHTML, like Gecko) Chrome/59.0.3071.115 Safari/537.36', 'dd9e29375bc960d0ac544e663dfd988193233d7d', '2017-07-07 15:42:53'),
(134, 5, '10.1.5.1', 'Mozilla/5.0 (Windows NT 6.3; Win64; x64) AppleWebKit/537.36 (KHTML, like Gecko) Chrome/59.0.3071.115 Safari/537.36', 'd3fb745117676bff15a65295da405013a9143fa9', '2017-07-07 15:43:19'),
(135, 5, '10.1.5.1', 'Mozilla/5.0 (Windows NT 6.3; Win64; x64) AppleWebKit/537.36 (KHTML, like Gecko) Chrome/59.0.3071.115 Safari/537.36', 'dd9e29375bc960d0ac544e663dfd988193233d7d', '2017-07-07 15:43:43'),
(136, 1, '10.1.5.1', 'Mozilla/5.0 (Windows NT 6.3; Win64; x64) AppleWebKit/537.36 (KHTML, like Gecko) Chrome/59.0.3071.115 Safari/537.36', 'd3fb745117676bff15a65295da405013a9143fa9', '2017-07-07 15:44:01'),
(137, 1, '10.1.5.1', 'Mozilla/5.0 (Windows NT 6.3; Win64; x64) AppleWebKit/537.36 (KHTML, like Gecko) Chrome/59.0.3071.115 Safari/537.36', '3d766f2da599bae1a5d2db97c06ff661e7666402', '2017-07-07 15:44:12'),
(138, 1, '10.1.5.1', 'Mozilla/5.0 (Windows NT 6.3; Win64; x64) AppleWebKit/537.36 (KHTML, like Gecko) Chrome/59.0.3071.115 Safari/537.36', 'd3fb745117676bff15a65295da405013a9143fa9', '2017-07-07 15:44:39'),
(139, 1, '10.1.5.1', 'Mozilla/5.0 (Windows NT 6.3; Win64; x64) AppleWebKit/537.36 (KHTML, like Gecko) Chrome/59.0.3071.115 Safari/537.36', 'd3fb745117676bff15a65295da405013a9143fa9', '2017-07-07 15:44:46'),
(140, 1, '10.1.5.1', 'Mozilla/5.0 (Windows NT 6.3; Win64; x64) AppleWebKit/537.36 (KHTML, like Gecko) Chrome/59.0.3071.115 Safari/537.36', 'd3fb745117676bff15a65295da405013a9143fa9', '2017-07-07 15:45:01'),
(141, 5, '10.1.5.1', 'Mozilla/5.0 (Windows NT 6.3; Win64; x64) AppleWebKit/537.36 (KHTML, like Gecko) Chrome/59.0.3071.115 Safari/537.36', 'd3fb745117676bff15a65295da405013a9143fa9', '2017-07-07 15:45:06'),
(142, 1, '10.1.5.1', 'Mozilla/5.0 (Windows NT 6.3; Win64; x64) AppleWebKit/537.36 (KHTML, like Gecko) Chrome/59.0.3071.115 Safari/537.36', '3d766f2da599bae1a5d2db97c06ff661e7666402', '2017-07-07 15:45:35'),
(143, 5, '10.1.5.1', 'Mozilla/5.0 (Windows NT 6.3; Win64; x64) AppleWebKit/537.36 (KHTML, like Gecko) Chrome/59.0.3071.115 Safari/537.36', 'bb794f503aa85e4d7df1f91fa01d39172a384473', '2017-07-07 15:45:48'),
(144, 5, '10.1.5.1', 'Mozilla/5.0 (Windows NT 6.3; Win64; x64) AppleWebKit/537.36 (KHTML, like Gecko) Chrome/59.0.3071.115 Safari/537.36', 'f8915c2be10c1a86f841ab6eb0687223d2e30382', '2017-07-07 15:52:47'),
(145, 5, '10.1.5.1', 'Mozilla/5.0 (Windows NT 6.3; Win64; x64) AppleWebKit/537.36 (KHTML, like Gecko) Chrome/59.0.3071.115 Safari/537.36', '0fadb5ab64a53ce690b524b3e6397f6b5315d69f', '2017-07-07 16:08:25'),
(146, 1, '10.1.5.1', 'Mozilla/5.0 (Windows NT 6.3; Win64; x64) AppleWebKit/537.36 (KHTML, like Gecko) Chrome/59.0.3071.115 Safari/537.36', 'f8915c2be10c1a86f841ab6eb0687223d2e30382', '2017-07-07 16:09:26'),
(147, 1, '10.1.5.1', 'Mozilla/5.0 (Windows NT 6.3; Win64; x64) AppleWebKit/537.36 (KHTML, like Gecko) Chrome/59.0.3071.115 Safari/537.36', '2e759ad6d45a0ed002a1a43959ab27a077a2067f', '2017-07-10 09:36:28'),
(148, 1, '10.1.5.1', 'Mozilla/5.0 (Windows NT 6.3; Win64; x64) AppleWebKit/537.36 (KHTML, like Gecko) Chrome/59.0.3071.115 Safari/537.36', '00bea71948da740e48304fb8eae99d2ef5da2133', '2017-07-10 10:42:54'),
(149, 1, '10.1.5.1', 'Mozilla/5.0 (Windows NT 6.3; WOW64; rv:46.0) Gecko/20100101 Firefox/46.0', '208b55f32758c02e1fe05a8ea4af4e1ca4dc57f8', '2017-07-10 11:33:04'),
(150, 1, '10.1.5.1', 'Mozilla/5.0 (Windows NT 6.3; Win64; x64) AppleWebKit/537.36 (KHTML, like Gecko) Chrome/59.0.3071.115 Safari/537.36', '55fdc348645ad5a2bdbf07c68ecd6d6d013711e8', '2017-07-10 14:15:23'),
(151, 5, '10.1.5.1', 'Mozilla/5.0 (Windows NT 6.3; WOW64; rv:54.0) Gecko/20100101 Firefox/54.0', 'b0212d00c82f544a9e7f32869a2ca920be061027', '2017-07-10 15:20:00'),
(152, 5, '10.1.5.1', 'Mozilla/5.0 (Windows NT 6.3; Win64; x64) AppleWebKit/537.36 (KHTML, like Gecko) Chrome/59.0.3071.115 Safari/537.36', '8aa90d4d76e2d69ea83af91e7b4ad6cefb78fbfe', '2017-07-10 16:41:36'),
(153, 5, '10.1.5.1', 'Mozilla/5.0 (Windows NT 6.3; Win64; x64) AppleWebKit/537.36 (KHTML, like Gecko) Chrome/59.0.3071.115 Safari/537.36', '1d612ba8f72049ad14bd7cd1e4a026d3f3f0c59b', '2017-07-11 08:48:03'),
(154, 1, '10.1.5.1', 'Mozilla/5.0 (Windows NT 6.3; Win64; x64) AppleWebKit/537.36 (KHTML, like Gecko) Chrome/59.0.3071.115 Safari/537.36', '48474b1b7591298e02b5c09904eb93f61c668138', '2017-07-12 12:27:54'),
(155, 5, '10.1.5.1', 'Mozilla/5.0 (Windows NT 6.3; WOW64; rv:54.0) Gecko/20100101 Firefox/54.0', '1b8a999db976a77f220ba5d7c5a180f0621f6af6', '2017-07-12 13:36:47'),
(156, 1, '10.1.5.1', 'Mozilla/5.0 (Windows NT 6.3; Win64; x64) AppleWebKit/537.36 (KHTML, like Gecko) Chrome/59.0.3071.115 Safari/537.36', 'f0b52731f3b8e9ce5a4f9967ab32f2dfcc388b3a', '2017-07-12 13:50:16'),
(157, 1, '10.1.5.1', 'Mozilla/5.0 (Windows NT 6.3; Win64; x64) AppleWebKit/537.36 (KHTML, like Gecko) Chrome/59.0.3071.115 Safari/537.36', '48474b1b7591298e02b5c09904eb93f61c668138', '2017-07-12 14:28:44'),
(158, 1, '10.1.5.1', 'Mozilla/5.0 (Windows NT 6.3; Win64; x64) AppleWebKit/537.36 (KHTML, like Gecko) Chrome/59.0.3071.115 Safari/537.36', '67c19b3c55910bd1fe48712a9dd09d47ff8fcb1e', '2017-07-12 14:29:16'),
(159, 1, '10.1.5.1', 'Mozilla/5.0 (Windows NT 6.3; Win64; x64) AppleWebKit/537.36 (KHTML, like Gecko) Chrome/59.0.3071.115 Safari/537.36', '48474b1b7591298e02b5c09904eb93f61c668138', '2017-07-12 14:29:19'),
(160, 1, '10.1.5.1', 'Mozilla/5.0 (Windows NT 6.3; Win64; x64) AppleWebKit/537.36 (KHTML, like Gecko) Chrome/59.0.3071.115 Safari/537.36', '67c19b3c55910bd1fe48712a9dd09d47ff8fcb1e', '2017-07-12 14:33:32'),
(161, 1, '10.1.5.1', 'Mozilla/5.0 (Windows NT 6.3; Win64; x64) AppleWebKit/537.36 (KHTML, like Gecko) Chrome/59.0.3071.115 Safari/537.36', '67c19b3c55910bd1fe48712a9dd09d47ff8fcb1e', '2017-07-12 14:33:40'),
(162, 1, '10.1.5.1', 'Mozilla/5.0 (Windows NT 6.3; Win64; x64) AppleWebKit/537.36 (KHTML, like Gecko) Chrome/59.0.3071.115 Safari/537.36', '67c19b3c55910bd1fe48712a9dd09d47ff8fcb1e', '2017-07-12 14:33:43'),
(163, 1, '10.1.5.1', 'Mozilla/5.0 (Windows NT 6.3; Win64; x64) AppleWebKit/537.36 (KHTML, like Gecko) Chrome/59.0.3071.115 Safari/537.36', '291dbe7ff6e66401b4d9bccd6f60c22130604abb', '2017-07-12 14:34:06');

-- --------------------------------------------------------

--
-- Table structure for table `nestle_machine_inventory`
--

CREATE TABLE IF NOT EXISTS `nestle_machine_inventory` (
  `inventory_id` int(11) NOT NULL,
  `machine_id` varchar(12) NOT NULL,
  `machine_tag_number` varchar(15) NOT NULL,
  `machine_serial_number` varchar(11) NOT NULL,
  `machine_model_number` varchar(15) DEFAULT NULL,
  `machine_name` varchar(100) DEFAULT NULL,
  `machine_manufacturing_year` year(4) DEFAULT NULL,
  `machine_end_of_life` year(4) NOT NULL,
  `machine_location` text,
  `bmb` varchar(5) NOT NULL,
  `asset` varchar(11) NOT NULL,
  `technial_status` varchar(50) DEFAULT NULL,
  `sap_purchase_date` date NOT NULL,
  `ta_depc_date` date NOT NULL,
  `version_id` int(11) NOT NULL,
  `installation_date` date NOT NULL,
  `machine_status_id` int(11) NOT NULL,
  `machine_warehouse_location` int(11) DEFAULT NULL,
  `machine_preaparation_date` date DEFAULT NULL,
  `is_delete` enum('0','1') NOT NULL DEFAULT '0',
  `is_assign` tinyint(4) NOT NULL DEFAULT '0',
  `created_by` int(11) NOT NULL,
  `created_at` datetime NOT NULL,
  `updated_by` int(11) NOT NULL,
  `updated_at` datetime NOT NULL
) ENGINE=MyISAM AUTO_INCREMENT=58 DEFAULT CHARSET=utf16;

--
-- Dumping data for table `nestle_machine_inventory`
--

INSERT INTO `nestle_machine_inventory` (`inventory_id`, `machine_id`, `machine_tag_number`, `machine_serial_number`, `machine_model_number`, `machine_name`, `machine_manufacturing_year`, `machine_end_of_life`, `machine_location`, `bmb`, `asset`, `technial_status`, `sap_purchase_date`, `ta_depc_date`, `version_id`, `installation_date`, `machine_status_id`, `machine_warehouse_location`, `machine_preaparation_date`, `is_delete`, `is_assign`, `created_by`, `created_at`, `updated_by`, `updated_at`) VALUES
(1, 'f466', '4660', 'a78637895', 'J90890', 'Junior machine', 2016, 2020, 'Dubai palm street', '102', '1021', '29', '2017-06-05', '2017-06-07', 7, '2017-06-07', 22, 49, '2017-06-06', '1', 1, 6, '2017-06-02 10:13:28', 1, '2017-06-28 10:33:23'),
(2, '13254', '12314', 'D8749879837', 'D8792', 'Depth machine', 2017, 2020, 'Riyadh street', '123', '123025', '30', '2017-06-04', '2017-06-08', 3, '2017-06-01', 20, 48, '2017-06-05', '0', 1, 6, '2017-06-02 10:14:49', 5, '2017-07-10 17:03:07'),
(3, '23058', '1314', 'D79874446', 'D908', 'Dedicated machine', 2015, 2018, 'Florida main road', '108', '10824', '30', '2017-06-03', '2017-06-03', 2, '2017-06-06', 22, 50, '2017-06-04', '0', 1, 6, '2017-06-02 10:16:32', 1, '2017-06-06 13:29:09'),
(4, '12354', '1223', 'D89785744', 'F9793', 'Force machine', 2015, 2021, 'Dubai airport road', '111', '1231', '29', '2017-06-05', '2017-06-07', 5, '2017-06-10', 45, 50, '2017-06-06', '0', 0, 6, '2017-06-02 10:32:33', 6, '2017-06-02 10:32:33'),
(5, '3544', '355', 'X86733333', 'H78733', 'Heils machine', 2015, 2019, 'Qatar', '380', '38001', '30', '2017-06-05', '2017-06-08', 6, '2017-06-08', 46, 48, '2017-06-06', '0', 0, 6, '2017-06-02 10:33:58', 6, '2017-06-02 10:33:58'),
(6, '0234', '2344', 'S755858686', 'G5886', 'G Nestle', 2016, 2018, 'Abu dabhi', '134', '1342', '30', '2017-06-03', '2017-06-04', 6, '2017-06-03', 22, 49, '2017-06-05', '0', 0, 6, '2017-06-02 11:26:16', 1, '2017-06-28 09:28:02'),
(7, '0014', '14', 'ER5575585', 'E755', 'Eve machine', 2015, 2021, 'Qatar', '1334', '13447', '30', '2017-06-04', '2017-06-05', 2, '2017-06-04', 20, 50, '2017-06-06', '0', 1, 6, '2017-06-02 11:27:32', 1, '2017-07-10 16:41:50'),
(8, '2001', '200', '003366333', 'Q7754', 'Quba machine', 2017, 2021, 'Riyadh street', '102', '10023', '30', '2017-06-09', '2017-06-10', 4, '2017-06-05', 45, 48, '2017-06-10', '0', 1, 6, '2017-06-02 11:28:52', 6, '2017-06-02 11:28:52'),
(9, '005', '500', 'Z76556D447', 'T6669', 'Tarbo machine', 2017, 2021, 'Dubai main city', '1004', '53004', '30', '2017-06-05', '2017-06-08', 2, '2017-06-07', 46, 50, '2017-06-07', '0', 1, 6, '2017-06-02 11:30:28', 1, '2017-06-28 14:03:20'),
(10, '163', '25563', '1000011111', 'T6866', 'Nestle machine', 2016, 2017, 'Riyadh', '255', '25500', '30', '2017-06-05', '2017-06-07', 3, '2017-06-03', 46, 50, '2017-06-07', '0', 1, 6, '2017-06-02 11:33:52', 6, '2017-06-02 11:33:52'),
(11, '3400', '34', 'L09809333', 'J0833', 'Joe nestle', 2017, 2017, 'Dubai', '900', '90054', '29', '2017-06-13', '2017-06-15', 2, '2017-06-07', 45, 50, '2017-06-16', '0', 1, 6, '2017-06-02 11:36:34', 6, '2017-06-02 11:36:34'),
(12, '465', '315', 'NP80948733', 'F0893', 'Freqent machine', 2016, 2022, 'Riyadh street', '700', '700894', '30', '2017-06-05', '2017-06-08', 7, '2017-06-03', 46, 49, '2017-06-12', '0', 1, 6, '2017-06-02 11:38:09', 6, '2017-06-02 11:38:09'),
(13, '353', '446', 'J9840984334', 'F464', 'Eve nestle', 2015, 2018, 'Abu dabhi', '355', '1094', '29', '2017-06-05', '2017-06-06', 1, '2017-06-07', 22, 48, '2017-06-06', '0', 1, 6, '2017-06-05 07:56:36', 1, '2017-06-28 16:01:43'),
(14, '1233', '1233', 'R57885554', 'L092', 'Liquid machine', 2016, 2017, 'Dubai', '105', '10024', '30', '2017-06-06', '2017-06-07', 2, '2017-06-05', 20, 50, '2017-06-07', '0', 1, 6, '2017-06-05 07:58:15', 5, '2017-06-23 09:44:45'),
(15, '200', '3001', 'S557559776', 'Y7976', 'Yup nestle', 2016, 2019, 'Qatar street', '1434', '50001', '30', '2017-06-07', '2017-06-09', 3, '2017-06-14', 20, 50, '2017-06-11', '0', 1, 6, '2017-06-05 08:00:58', 5, '2017-07-10 17:17:04'),
(16, '8002', '501', 'N800878788', 'K8878', 'Chocolate machine', 2017, 2020, 'Riyadh', '500', '50032', '29', '2017-06-06', '2017-06-06', 4, '2017-06-08', 45, 50, '2017-06-08', '0', 0, 6, '2017-06-05 08:03:08', 6, '2017-06-05 08:03:08'),
(17, '3021', '302', 'hf994049044', 'H895', 'Heist machine', 2016, 2019, 'Dubai old city', '600', '8102', '30', '2017-06-06', '2017-06-08', 5, '2017-06-04', 21, 49, '2017-06-07', '0', 1, 6, '2017-06-05 08:05:14', 1, '2017-07-10 16:19:30'),
(18, '200', '2011', '11355566', 'O86766', 'Odi machine', 2017, 2019, 'Qatar', '1001', '4001', '29', '2017-06-06', '2017-06-07', 7, '2017-06-08', 20, 50, '2017-06-07', '0', 0, 6, '2017-06-05 08:08:11', 5, '2017-07-11 08:19:24'),
(19, '1230', '00112', 'AI989874983', 'F5575500575', 'Machine king', 2017, 2020, 'Abu dabhi', '0024', '12023', '30', '2017-06-06', '2017-06-06', 4, '2017-06-07', 45, 49, '2017-06-07', '0', 0, 6, '2017-06-05 08:11:05', 6, '2017-06-05 08:11:05'),
(20, '33', '33', '233', '33', '33', 2015, 2017, 'amd', '33', '33', '29', '2017-06-07', '2017-06-07', 1, '2017-06-08', 20, 48, '2017-06-08', '1', 1, 1, '2017-06-06 13:07:02', 1, '2017-06-06 13:44:06'),
(21, '2123', '213', 'RA087039804', 'K944', 'Karly machine', 2016, 2020, 'Dubai old city', '3001', '201574', '30', '2017-06-08', '2017-06-09', 8, '2017-06-09', 21, 49, '2017-06-09', '0', 1, 6, '2017-06-08 08:24:35', 5, '2017-07-10 17:06:23'),
(22, 'test123', 'testing', 'newseries', '344444444', 'newtest', 2016, 2022, 'amd', '1222', '4566', '29', '2017-06-20', '2017-05-30', 9, '2017-05-31', 20, 48, '2017-05-31', '1', 1, 5, '2017-06-23 14:40:06', 5, '2017-06-23 14:41:04'),
(23, '233', '344444', 'testing21', 'test', 'testmachine', 2015, 2019, 'amd', '23333', '2222', '30', '2017-05-30', '2017-05-29', 9, '2017-05-31', 20, 48, '2017-05-31', '1', 0, 5, '2017-06-23 14:46:30', 5, '2017-06-23 14:46:30'),
(24, '45', '120021', '#G8905980', '222', 'Welt machine', 2015, 2021, 'amd', '344', '45555', '29', '2017-05-30', '2017-05-29', 9, '2017-05-31', 22, 50, '2017-06-12', '0', 1, 5, '2017-06-23 14:48:36', 1, '2017-07-10 15:44:33'),
(25, 'test12', 'ett', '5666', 'test24', 'test', 2015, 2020, 'amd', '34', '122', '30', '2017-05-30', '2017-05-29', 1, '2017-05-31', 20, 48, '2017-05-31', '1', 0, 5, '2017-06-23 15:20:43', 5, '2017-06-23 15:20:43'),
(26, 'test@!23', 'test@1234', 'series001', 'model123', 'machine', 2015, 2020, 'amd', '34444', '23333', '30', '2017-05-30', '2017-05-29', 9, '2017-05-31', 20, 48, '2017-05-31', '0', 1, 1, '2017-06-28 09:47:32', 1, '2017-06-28 09:47:32'),
(27, 'test12', 'newupdate', 'abc001', 'test344', 'new machine', 2015, 2020, 'amd', '45', '2333', '30', '2017-05-30', '2017-05-29', 9, '2017-05-31', 20, 48, '2017-05-31', '1', 0, 1, '2017-06-28 10:42:57', 1, '2017-06-28 10:42:57'),
(28, '00231', 'newupdate', '#00099577', 'O0980', 'new cofee machine', 2015, 2020, 'amd', '45', '2333', '30', '2017-05-30', '2017-05-29', 9, '2017-05-31', 22, 48, '2017-05-31', '0', 0, 1, '2017-06-28 10:42:57', 1, '2017-07-10 15:43:23'),
(29, 'test12', '344444', 'abc005himal', '3444', 'Tech new', 2015, 2020, 'ahmedabd', '34', '234', '29', '2017-05-30', '2017-05-29', 2, '2017-05-31', 22, 48, '2017-05-31', '0', 0, 1, '2017-06-28 10:45:21', 1, '2017-07-10 15:42:24'),
(30, 'test12', '344444', 'abc005', '3444', 'testmachine', 2015, 2020, 'amd', '34', '234', '29', '2017-05-30', '2017-05-29', 9, '2017-05-31', 20, 48, '2017-05-31', '1', 0, 1, '2017-06-28 10:45:22', 1, '2017-06-28 10:45:22'),
(31, '34', '67', 'abcd001', 'new25', 'Beverage machine', 2015, 2021, 'amd', '233', '234', '30', '2017-05-30', '2017-05-29', 9, '2017-05-31', 20, 50, '2017-05-31', '0', 0, 1, '2017-06-28 10:47:07', 1, '2017-07-10 15:41:33'),
(32, '0215', '344444', 'G0888i0655', 'G0954', 'Nesquik Milky', 2015, 2021, 'amd', '56', '456', '29', '2017-05-30', '2017-05-29', 1, '2017-05-31', 22, 48, '2017-05-31', '0', 0, 1, '2017-06-28 16:00:22', 1, '2017-07-10 15:39:09'),
(33, '44', '444', '#0044566', '444', '44', 2015, 2019, 'amd', '444', '344', '30', '2017-05-29', '2017-05-29', 3, '2017-05-31', 20, 48, '2017-05-31', '0', 0, 1, '2017-06-28 16:14:52', 1, '2017-07-10 15:37:08'),
(34, '56', '78', 'KQ98444#85', '89', 'Cofee machine', 2015, 2021, 'amd', '233', '345', '29', '2017-05-30', '2017-05-29', 1, '2017-05-31', 20, 48, '2017-06-08', '0', 0, 1, '2017-06-30 10:07:40', 1, '2017-07-10 15:36:19'),
(35, '56', '78', 'machine001', '89', 'testmachine', 2015, 2021, 'amd', '233', '345', '29', '2017-05-30', '2017-05-29', 1, '2017-05-31', 20, 48, '2017-06-08', '1', 0, 1, '2017-06-30 10:07:40', 1, '2017-06-30 10:50:28'),
(36, 'test12', 'newtew', 'test_machin', 'test', 'name', 2015, 2020, 'amd', '344', '234', '29', '2017-05-30', '2017-05-29', 7, '2017-06-30', 21, 48, '2017-05-31', '1', 0, 1, '2017-06-30 14:40:36', 1, '2017-06-30 14:41:18'),
(37, 'test1', 'tt', 'create_m1', '555555', 'tea machine', 2016, 2021, 'amd', '2233', '445', '29', '2017-05-30', '2017-05-29', 7, '2017-06-30', 21, 50, '2017-05-31', '1', 0, 1, '2017-06-30 14:42:27', 1, '2017-06-30 14:43:29'),
(38, '123', '789', 'PO004538585', '4555', 'tea machine', 2015, 2019, 'amd', '7890', '1233', '29', '2017-05-30', '2017-05-30', 1, '2017-05-30', 22, 48, '2017-05-30', '0', 0, 1, '2017-07-05 13:44:04', 1, '2017-07-10 15:35:30'),
(39, '678', '8080', 'P788I44', '5678', 'Torque machine', 2015, 2020, 'newlocation', '1234', '566', '30', '2017-05-30', '2017-05-29', 1, '2017-07-05', 22, 49, '2017-05-30', '0', 0, 1, '2017-07-05 14:38:40', 5, '2017-07-11 08:19:12'),
(40, 'test12', '4555', 'new002', '5677', 'testing', 2015, 2021, 'amdtest', '234', '345', '29', '2017-05-30', '2017-05-29', 1, '2017-07-04', 21, 49, '2017-05-31', '1', 0, 1, '2017-07-05 15:47:11', 1, '2017-07-05 15:54:38'),
(41, 'r844', 'P011', 'new003', '4555', 'Porchue new', 2015, 2021, 'amd', '3444', '4555', '29', '2017-05-30', '2017-05-29', 1, '2017-05-30', 22, 48, '2017-05-30', '0', 0, 1, '2017-07-05 15:53:21', 1, '2017-07-10 15:33:29'),
(42, '44', '444', 'new004', '444', '44', 2015, 2019, 'amd', '344', '444', '29', '2017-05-30', '2017-05-29', 1, '2017-05-31', 22, 48, '2017-05-31', '0', 0, 1, '2017-07-05 15:59:37', 1, '2017-07-05 16:16:43'),
(43, 'test1', 'test123', '#MT1512', '55', '5555', 2015, 2019, 'machinwe', '455', '455', '29', '2017-05-29', '2017-05-29', 1, '2017-05-30', 21, 48, '2017-05-30', '0', 0, 1, '2017-07-05 16:20:59', 5, '2017-07-11 08:18:45'),
(44, '777', '7777', '#Inl7594', '777', '777', 2015, 2018, '7777', '6777', '777', '29', '2017-05-30', '2017-05-29', 9, '2017-05-31', 20, 48, '2017-05-31', '0', 0, 1, '2017-07-07 13:15:54', 5, '2017-07-11 08:41:27'),
(45, '333', '333', 'abc001233', '33', '333', 2015, 2019, '33', '333', '33', '29', '2017-05-30', '2017-05-29', 9, '2017-05-31', 21, 48, '2017-05-31', '1', 0, 1, '2017-07-07 13:23:58', 1, '2017-07-07 13:27:18'),
(46, '5555', '555', 'test_001', '555555', '5555', 2015, 2018, '5555', '555', '5555', '29', '2017-05-30', '2017-05-29', 10, '2017-05-31', 20, 48, '2017-05-31', '1', 0, 1, '2017-07-07 13:38:27', 1, '2017-07-07 13:46:16'),
(47, '444', '444', 'test_001', '444', '44', 2017, 2022, 'amd', '344', '444', '29', '2017-07-07', '2017-07-14', 10, '2017-07-07', 21, 48, '2017-07-14', '1', 0, 1, '2017-07-07 15:31:54', 1, '2017-07-07 15:31:54'),
(48, '333', '22', '#U89648445', '22', '22', 2016, 2020, '22', '33', '333', '30', '2017-07-07', '2017-07-07', 10, '2017-07-07', 20, 48, '2017-07-07', '0', 0, 1, '2017-07-07 15:32:45', 1, '2017-07-10 15:32:12'),
(49, '444', '4444', 'M#8973536', '444', 'Macoy machine', 2015, 2022, 'amd', '334', '444', '29', '2017-07-07', '2017-07-07', 10, '2017-07-07', 21, 49, '2017-07-07', '0', 0, 1, '2017-07-07 16:24:44', 1, '2017-07-10 15:31:16'),
(50, '0022', 'T22', 'Gh098094854', 'T084', 'Kenlty machine', 2016, 2018, 'Abu Dabhi', '123', '0123', '30', '2017-07-07', '2017-07-13', 11, '2017-07-14', 21, 49, '2017-07-11', '0', 0, 1, '2017-07-10 11:13:42', 5, '2017-07-11 07:54:02'),
(51, '00432', '0432', 'A9839047890', 'J098409', 'Jaquire', 2017, 2019, 'Qatar', '124', '12454', '29', '2017-07-11', '2017-07-11', 12, '2017-07-07', 46, 50, '2017-07-12', '0', 0, 1, '2017-07-10 11:17:12', 1, '2017-07-10 11:17:12'),
(52, '1300', '0012', '#P988974650', 'M974', 'Macoy strong', 2016, 2019, 'Riyadh city', '0021', '00212', '30', '2017-07-09', '2017-07-13', 1, '2017-07-08', 21, 50, '2017-07-12', '0', 0, 1, '2017-07-11 08:16:20', 1, '2017-07-11 08:16:20'),
(53, '10092', '901', 'NP78974064', 'B0983', 'Machine sample 1', 2016, 2019, 'Qatar', '9004', '00934', '29', '2017-07-09', '2017-07-13', 1, '2017-07-11', 20, 48, '2017-07-14', '0', 0, 1, '2017-07-11 08:22:46', 1, '2017-07-11 08:22:46'),
(54, '0012', '08094', '#00635467', 'H0984', 'Machine sample 2', 2015, 2020, 'Dubai city', '1005', '003158', '30', '2017-07-07', '2017-07-09', 1, '2017-07-07', 45, 49, '2017-07-10', '0', 0, 1, '2017-07-11 08:24:42', 1, '2017-07-11 08:24:42'),
(55, '90283', '0312', 'M#79755575', 'D0933', 'Machine sample 3', 2015, 2019, 'Abu dhabhi', '9003', '00833', '29', '2017-07-12', '2017-07-13', 1, '2017-07-11', 21, 50, '2017-07-17', '0', 0, 1, '2017-07-11 08:26:13', 1, '2017-07-11 08:26:13'),
(56, '09335', '0088', '#98708855', 'F984', 'Machine sample 5', 2016, 2020, 'Dubai street', '09984', '002311', '30', '2017-07-08', '2017-07-13', 3, '2017-07-10', 21, 49, '2017-07-11', '0', 0, 1, '2017-07-11 09:09:33', 1, '2017-07-11 09:09:33'),
(57, '1003', '9002', '#0004668', 'F9798', 'Machine sample 4', 2017, 2019, 'Qatar', '001', '00124', '29', '2017-07-09', '2017-07-10', 3, '2017-07-12', 21, 49, '2017-07-11', '0', 0, 1, '2017-07-11 09:12:15', 1, '2017-07-11 09:12:15');

-- --------------------------------------------------------

--
-- Table structure for table `nestle_maintenance`
--

CREATE TABLE IF NOT EXISTS `nestle_maintenance` (
  `maintenance_id` int(11) NOT NULL,
  `request_type` enum('cm','pm') NOT NULL DEFAULT 'cm',
  `customer_id` int(11) NOT NULL,
  `location_id` int(11) NOT NULL COMMENT '// also customer id for location select',
  `preventive_maintenance` varchar(3) CHARACTER SET utf16 NOT NULL DEFAULT '',
  `maintenance_status` int(11) NOT NULL,
  `machine_id` int(11) NOT NULL,
  `assigned_to` int(11) NOT NULL COMMENT '// zone details',
  `address_of_machine` text,
  `issues` text,
  `part_replaced` text,
  `contact_person` varchar(100) NOT NULL,
  `contact_number` varchar(15) NOT NULL,
  `responase_date` date DEFAULT NULL,
  `visited_date` date DEFAULT NULL,
  `action_taken` text,
  `comments` text,
  `resolution` text,
  `is_delete` enum('0','1') NOT NULL DEFAULT '0',
  `created_by` int(11) NOT NULL,
  `created_at` datetime NOT NULL,
  `updated_by` int(11) NOT NULL,
  `updated_at` datetime NOT NULL
) ENGINE=MyISAM AUTO_INCREMENT=8 DEFAULT CHARSET=latin1;

--
-- Dumping data for table `nestle_maintenance`
--

INSERT INTO `nestle_maintenance` (`maintenance_id`, `request_type`, `customer_id`, `location_id`, `preventive_maintenance`, `maintenance_status`, `machine_id`, `assigned_to`, `address_of_machine`, `issues`, `part_replaced`, `contact_person`, `contact_number`, `responase_date`, `visited_date`, `action_taken`, `comments`, `resolution`, `is_delete`, `created_by`, `created_at`, `updated_by`, `updated_at`) VALUES
(1, 'cm', 2, 14, 'yes', 35, 0, 2, 'Qatar', 'Hot machine', 'Test', 'Anderson', '9898989898', '2017-06-30', '2017-06-30', 'Test', 'Test', 'Test', '0', 1, '2017-06-30 16:08:23', 5, '2017-07-10 16:45:44'),
(2, 'pm', 7, 21, '', 36, 0, 2, 'Dubai', 'Machine heat', 'Test', 'Joerge miler', '916887865', '2017-06-30', '2017-06-30', 'Test', 'Test', 'Test', '0', 1, '2017-06-30 16:08:48', 5, '2017-07-11 07:44:55'),
(3, 'cm', 11, 9, 'yes', 34, 0, 4, 'tested', 'tested', 'test', 'Tested', '8787878787', '2017-06-29', '2017-06-30', 'test', 'test', 'test', '1', 1, '2017-06-30 16:17:51', 1, '2017-06-30 16:19:22'),
(4, 'cm', 2, 14, 'yes', 32, 0, 2, 'testmachine', 'test', 'test', 'himal', '234444', '2017-06-30', '2017-06-08', 'test', 'test', 'test', '0', 1, '2017-07-05 09:31:52', 1, '2017-07-10 16:12:39'),
(5, 'pm', 3, 10, '', 32, 0, 4, 'address', 'testing', 'test', 'new collection', '7821', '2017-06-08', '2017-07-05', 'test', 'test', 'test', '0', 1, '2017-07-05 11:39:58', 1, '2017-07-10 15:52:54'),
(6, 'pm', 9, 9, '', 34, 0, 2, 'aaa', 'test', 'test', 'testing', '676777', '2017-06-30', '2017-06-08', 'test', 'test', 'testing', '1', 1, '2017-07-07 16:43:29', 1, '2017-07-07 16:45:11'),
(7, 'cm', 2, 14, 'yes', 34, 0, 2, 'Maskat', 'Repair machine', 'New generator', 'Sam vicky', '97894654654', '2017-07-11', '2017-07-07', 'nop', 'Not applicable', '1000', '0', 1, '2017-07-10 13:48:25', 5, '2017-07-11 13:51:50');

-- --------------------------------------------------------

--
-- Table structure for table `nestle_module_master`
--

CREATE TABLE IF NOT EXISTS `nestle_module_master` (
  `module_id` int(11) NOT NULL,
  `component_name` varchar(100) CHARACTER SET latin1 COLLATE latin1_spanish_ci NOT NULL,
  `module_name` varchar(100) NOT NULL,
  `module_unique_name` varchar(100) NOT NULL,
  `controller_name` varchar(150) NOT NULL,
  `created_date` datetime NOT NULL,
  `status` tinyint(4) NOT NULL COMMENT '1-active,0-inactive',
  `created_by` int(11) NOT NULL,
  `updated_date` datetime NOT NULL,
  `updated_by` int(11) NOT NULL
) ENGINE=InnoDB AUTO_INCREMENT=23 DEFAULT CHARSET=latin1;

--
-- Dumping data for table `nestle_module_master`
--

INSERT INTO `nestle_module_master` (`module_id`, `component_name`, `module_name`, `module_unique_name`, `controller_name`, `created_date`, `status`, `created_by`, `updated_date`, `updated_by`) VALUES
(1, 'ERP', 'User', 'User', 'User', '0000-00-00 00:00:00', 1, 0, '0000-00-00 00:00:00', 0),
(2, 'ERP', 'Role Master', 'Rolemaster', 'Rolemaster', '0000-00-00 00:00:00', 1, 0, '0000-00-00 00:00:00', 0),
(3, 'ERP', 'Settings', 'Settings', 'Settings', '0000-00-00 00:00:00', 1, 0, '0000-00-00 00:00:00', 0),
(4, 'ERP', 'IngredientMaster', 'IngredientMaster', 'IngredientMaster', '0000-00-00 00:00:00', 1, 0, '0000-00-00 00:00:00', 0),
(5, 'ERP', 'IngredientType', 'IngredientType', 'IngredientType', '0000-00-00 00:00:00', 1, 0, '0000-00-00 00:00:00', 0),
(6, 'ERP', 'Version', 'Version', 'Version', '0000-00-00 00:00:00', 1, 0, '0000-00-00 00:00:00', 0),
(7, 'ERP', 'DeliveryOrder', 'DeliveryOrder', 'DeliveryOrder', '0000-00-00 00:00:00', 1, 0, '0000-00-00 00:00:00', 0),
(8, 'ERP', 'ModuleMaster', 'ModuleMaster', 'ModuleMaster', '0000-00-00 00:00:00', 1, 0, '0000-00-00 00:00:00', 0),
(9, 'ERP', 'MachineAssignment', 'MachineAssignment', 'MachineAssignment', '0000-00-00 00:00:00', 1, 0, '0000-00-00 00:00:00', 0),
(10, 'ERP', 'CustomerMachineInformation', 'CustomerMachineInformation', 'CustomerMachineInformation', '0000-00-00 00:00:00', 1, 0, '0000-00-00 00:00:00', 0),
(11, 'ERP', 'CollectionOrder', 'CollectionOrder', 'CollectionOrder', '0000-00-00 00:00:00', 1, 0, '0000-00-00 00:00:00', 0),
(12, 'ERP', 'CollectionOrderAssignment', 'CollectionOrderAssignment', 'CollectionOrderAssignment', '0000-00-00 00:00:00', 1, 0, '0000-00-00 00:00:00', 0),
(13, 'ERP', 'Customer', 'Customer', 'Customer', '0000-00-00 00:00:00', 1, 0, '0000-00-00 00:00:00', 0),
(14, 'ERP', 'DeliveryOrderAssignment', 'DeliveryOrderAssignment', 'DeliveryOrderAssignment', '0000-00-00 00:00:00', 1, 0, '0000-00-00 00:00:00', 0),
(15, 'ERP', 'Inventory', 'Inventory', 'Inventory', '0000-00-00 00:00:00', 1, 0, '0000-00-00 00:00:00', 0),
(16, 'ERP', 'Maintenance', 'Maintenance', 'Maintenance', '2017-05-24 07:04:08', 1, 1, '0000-00-00 00:00:00', 0),
(17, 'ERP', 'Installation', 'Installation', 'Installation', '2017-05-31 17:44:09', 1, 1, '0000-00-00 00:00:00', 0),
(18, 'ERP', 'Pullout', 'Pullout', 'Pullout', '2017-05-31 17:44:35', 1, 1, '0000-00-00 00:00:00', 0),
(19, 'ERP', 'Replacement', 'Replacement', 'Replacement', '2017-05-31 17:45:21', 1, 1, '0000-00-00 00:00:00', 0),
(20, 'ERP', 'AssignedMaintenance', 'AssignedMaintenance', 'AssignedMaintenance', '2017-06-01 14:19:47', 1, 5, '0000-00-00 00:00:00', 0),
(21, 'ERP', 'Report', 'Report', 'Report', '2017-06-07 15:21:16', 1, 1, '0000-00-00 00:00:00', 0),
(22, 'ERP', 'Feedback', 'Feedback', 'Feedback', '2017-06-22 16:45:09', 1, 1, '0000-00-00 00:00:00', 0);

-- --------------------------------------------------------

--
-- Table structure for table `nestle_payment_facility`
--

CREATE TABLE IF NOT EXISTS `nestle_payment_facility` (
  `payment_facility_id` int(11) NOT NULL,
  `name` varchar(100) NOT NULL,
  `description` text NOT NULL,
  `isactive` enum('active','inactive') NOT NULL DEFAULT 'active',
  `created_by` int(11) NOT NULL,
  `created_at` datetime NOT NULL,
  `updated_by` int(11) NOT NULL,
  `updated_at` datetime NOT NULL
) ENGINE=MyISAM AUTO_INCREMENT=3 DEFAULT CHARSET=utf16;

--
-- Dumping data for table `nestle_payment_facility`
--

INSERT INTO `nestle_payment_facility` (`payment_facility_id`, `name`, `description`, `isactive`, `created_by`, `created_at`, `updated_by`, `updated_at`) VALUES
(1, 'payment facility 1', 'payment facility 1', 'active', 1, '2017-03-16 00:00:00', 1, '2017-03-16 00:00:00'),
(2, 'payment facility 2', 'payment facility 2', 'active', 1, '2017-03-16 00:00:00', 1, '2017-03-16 00:00:00');

-- --------------------------------------------------------

--
-- Table structure for table `nestle_payment_terms`
--

CREATE TABLE IF NOT EXISTS `nestle_payment_terms` (
  `payment_terms_id` int(11) NOT NULL,
  `name` varchar(100) NOT NULL,
  `description` text NOT NULL,
  `isactive` enum('active','inactive') NOT NULL DEFAULT 'active',
  `created_by` int(11) NOT NULL,
  `created_at` datetime NOT NULL,
  `updated_by` int(11) NOT NULL,
  `updated_at` datetime NOT NULL
) ENGINE=MyISAM AUTO_INCREMENT=11 DEFAULT CHARSET=utf16;

--
-- Dumping data for table `nestle_payment_terms`
--

INSERT INTO `nestle_payment_terms` (`payment_terms_id`, `name`, `description`, `isactive`, `created_by`, `created_at`, `updated_by`, `updated_at`) VALUES
(1, 'Z998', 'Cash in Advance (CID-0) ', 'active', 1, '2017-03-16 00:00:00', 1, '2017-03-16 00:00:00'),
(2, 'Z003', 'Cash on Delivery-Due Immediately w/out discounts (COD-0) ', 'active', 1, '2017-03-16 00:00:00', 1, '2017-03-16 00:00:00'),
(3, 'Z018', 'Due within 30 days of invoice date (I-30)', 'active', 1, '2017-03-16 00:00:00', 1, '2017-05-30 00:00:00'),
(4, 'Z440', '30 Days from the end of the invoicing month', 'active', 1, '2017-06-09 00:00:00', 1, '2017-06-09 00:00:00'),
(5, 'Z072', 'Due within 30 days from end of invoicing month (S-30) ', 'active', 1, '2017-05-26 00:00:00', 1, '2017-05-30 00:00:00'),
(6, 'Z432', 'Due within 45 days at month end (S-45) ', 'active', 1, '2017-06-09 00:00:00', 1, '2017-06-09 00:00:00'),
(7, 'Z025', 'Due within 45 days of invoice date (I-45)', 'active', 1, '2017-06-09 00:00:00', 1, '2017-06-09 00:00:00'),
(8, 'Z029', 'Due within 60 days of invoice date (I-60) ', 'active', 1, '2017-06-09 00:00:00', 1, '2017-06-09 00:00:00'),
(9, 'ZX02', 'Due  60 days from statement date (S-60)', 'active', 1, '2017-06-09 00:00:00', 1, '2017-06-09 00:00:00'),
(10, 'ZB06', 'Due within 90 days from statement date (S-90)', 'active', 1, '2017-06-09 00:00:00', 1, '2017-06-09 00:00:00');

-- --------------------------------------------------------

--
-- Table structure for table `nestle_role_master`
--

CREATE TABLE IF NOT EXISTS `nestle_role_master` (
  `role_id` int(11) NOT NULL,
  `role_name` varchar(100) NOT NULL,
  `role_slug` varchar(100) NOT NULL,
  `created_date` datetime NOT NULL,
  `status` tinyint(4) NOT NULL COMMENT '1-active,0-inactive',
  `is_delete` int(4) NOT NULL DEFAULT '0',
  `updated_by` int(11) NOT NULL,
  `created_by` int(11) NOT NULL,
  `updated_date` datetime NOT NULL
) ENGINE=InnoDB AUTO_INCREMENT=13 DEFAULT CHARSET=latin1;

--
-- Dumping data for table `nestle_role_master`
--

INSERT INTO `nestle_role_master` (`role_id`, `role_name`, `role_slug`, `created_date`, `status`, `is_delete`, `updated_by`, `created_by`, `updated_date`) VALUES
(1, 'Admin', 'Admin', '0000-00-00 00:00:00', 1, 0, 1, 0, '2017-05-31 12:52:50'),
(2, 'BackOffice Team', 'BackOffice Team', '2017-05-25 06:25:38', 1, 0, 6, 1, '2017-05-31 13:47:51'),
(3, 'Sales', 'Sales', '2017-05-25 06:26:09', 1, 1, 1, 1, '2017-05-25 06:27:22'),
(4, 'Operational', 'Operational', '2017-05-25 06:27:08', 0, 1, 1, 1, '2017-05-29 13:26:01'),
(5, 'Zone', 'Zone', '2017-05-25 06:29:50', 1, 0, 1, 1, '2017-05-29 13:03:54'),
(6, 'test2', 'test2', '2017-05-29 12:51:56', 1, 1, 1, 1, '2017-05-29 12:53:36'),
(7, '#$%%', '#$%%', '2017-05-29 13:09:35', 1, 1, 0, 1, '0000-00-00 00:00:00'),
(8, 'testingkkkkkkkkkkkkkkkkkkkkkkkkkkkkkkkkkkkkkkkkkkkkkkkllllllllllllllllllllllllllmmmmmmmmmmmmmmmmmmmm', 'testingkkkkkkkkkkkkkkkkkkkkkkkkkkkkkkkkkkkkkkkkkkkkkkkllllllllllllllllllllllllllmmmmmmmmmmmmmmmmmmmm', '2017-05-29 13:11:55', 1, 1, 0, 1, '0000-00-00 00:00:00'),
(9, '@#$4', '@#$4', '2017-05-29 13:14:02', 1, 1, 0, 1, '0000-00-00 00:00:00'),
(10, 'test', 'test', '2017-05-29 13:14:47', 1, 1, 0, 1, '0000-00-00 00:00:00'),
(11, 'Nestle Team', 'Nestle Team', '2017-05-31 13:45:44', 1, 0, 0, 6, '0000-00-00 00:00:00'),
(12, 'Call Center Team', 'Call Center Team', '2017-05-31 13:46:11', 1, 0, 0, 6, '0000-00-00 00:00:00');

-- --------------------------------------------------------

--
-- Table structure for table `nestle_route`
--

CREATE TABLE IF NOT EXISTS `nestle_route` (
  `route_id` int(11) NOT NULL,
  `name` varchar(100) NOT NULL,
  `description` text NOT NULL,
  `isactive` enum('active','inactive') NOT NULL DEFAULT 'active',
  `created_by` int(11) NOT NULL,
  `created_at` datetime NOT NULL,
  `updated_by` int(11) NOT NULL,
  `updated_at` datetime NOT NULL
) ENGINE=MyISAM AUTO_INCREMENT=3 DEFAULT CHARSET=utf16;

--
-- Dumping data for table `nestle_route`
--

INSERT INTO `nestle_route` (`route_id`, `name`, `description`, `isactive`, `created_by`, `created_at`, `updated_by`, `updated_at`) VALUES
(1, 'route1', 'route1', 'active', 1, '2017-03-16 00:00:00', 1, '2017-03-16 00:00:00'),
(2, 'route2', 'route2', 'active', 1, '2017-03-16 00:00:00', 1, '2017-03-16 00:00:00');

-- --------------------------------------------------------

--
-- Table structure for table `nestle_subcategory`
--

CREATE TABLE IF NOT EXISTS `nestle_subcategory` (
  `subcat_id` int(11) NOT NULL,
  `cat_id` int(11) NOT NULL,
  `subcat_name` varchar(255) NOT NULL COMMENT 'Sub Category Name',
  `price` double NOT NULL COMMENT 'Sub Category Price',
  `material_code` varchar(255) NOT NULL,
  `packing` varchar(255) NOT NULL,
  `packaging` varchar(50) DEFAULT NULL,
  `country_of_origin` varchar(255) NOT NULL,
  `created_by` int(11) NOT NULL COMMENT 'Created By login_id',
  `created_date` datetime NOT NULL COMMENT 'Created By Date and Time',
  `updated_by` int(11) NOT NULL COMMENT 'Updated By login_id',
  `updated_date` datetime NOT NULL COMMENT 'Updated On Date and Time',
  `status` enum('active','inactive') NOT NULL DEFAULT 'active',
  `is_deleted` int(11) NOT NULL
) ENGINE=MyISAM AUTO_INCREMENT=10 DEFAULT CHARSET=latin1;

--
-- Dumping data for table `nestle_subcategory`
--

INSERT INTO `nestle_subcategory` (`subcat_id`, `cat_id`, `subcat_name`, `price`, `material_code`, `packing`, `packaging`, `country_of_origin`, `created_by`, `created_date`, `updated_by`, `updated_date`, `status`, `is_deleted`) VALUES
(1, 9, 'Ingredient Type', 1000, '', '', '18', '', 1, '2017-05-24 11:28:47', 1, '2017-07-10 15:25:32', 'inactive', 0),
(2, 2, 'Nescafe Classic Can 6X750G Ua', 500, '', '', '20', '', 1, '2017-05-24 11:29:01', 1, '2017-07-10 15:25:21', 'active', 0),
(3, 3, 'Nescafe Cappuccino Caramel', 200, '', '', '13', '', 6, '2017-05-31 15:10:02', 1, '2017-07-10 15:25:12', 'active', 0),
(4, 2, 'Nesquik Milky', 100, '', '', '12', '', 6, '2017-05-31 15:10:33', 1, '2017-07-10 15:24:46', 'active', 0),
(5, 2, 'Nestle Alegria Semi Skimmed', 345, '', '', '11', '', 6, '2017-05-31 15:11:10', 1, '2017-07-10 15:24:31', 'active', 0),
(6, 9, 'Nescafe Algeria', 100, '', '', '21', '', 5, '2017-06-01 08:13:19', 1, '2017-07-10 15:24:20', 'active', 0),
(7, 3, 'Nestea Cardoman Tea', 650, '', '', '10', '', 6, '2017-06-01 14:27:57', 1, '2017-07-10 15:24:04', 'active', 0),
(8, 2, 'test12', 34567.89, '', '', 'test', '', 5, '2017-06-23 14:20:48', 1, '2017-07-05 14:14:34', 'active', 1),
(9, 13, 'test', 3444444444, '', '', 'test', '', 1, '2017-07-07 13:09:07', 1, '2017-07-07 14:19:01', 'active', 1);

-- --------------------------------------------------------

--
-- Table structure for table `nestle_version_master`
--

CREATE TABLE IF NOT EXISTS `nestle_version_master` (
  `version_id` int(11) NOT NULL,
  `hot_cold_type` int(11) NOT NULL,
  `gen` int(11) NOT NULL,
  `machine_abb` int(11) NOT NULL,
  `machine_mpr` int(11) NOT NULL,
  `bev_type` int(11) NOT NULL,
  `version_name` varchar(255) NOT NULL,
  `version_description` text NOT NULL,
  `version_isactive` enum('active','inactive') NOT NULL DEFAULT 'active',
  `created_by` int(11) NOT NULL,
  `created_at` datetime NOT NULL,
  `updated_by` int(11) NOT NULL,
  `updated_at` datetime NOT NULL
) ENGINE=MyISAM AUTO_INCREMENT=13 DEFAULT CHARSET=utf16;

--
-- Dumping data for table `nestle_version_master`
--

INSERT INTO `nestle_version_master` (`version_id`, `hot_cold_type`, `gen`, `machine_abb`, `machine_mpr`, `bev_type`, `version_name`, `version_description`, `version_isactive`, `created_by`, `created_at`, `updated_by`, `updated_at`) VALUES
(1, 3, 7, 11, 14, 18, 'EZ Care', 'EZ Care', 'active', 1, '2017-05-24 11:00:59', 6, '2017-05-31 15:15:37'),
(2, 3, 6, 12, 15, 17, 'Lioness H/6', 'Lioness H/6', 'active', 1, '2017-05-24 11:01:19', 5, '2017-06-23 14:33:50'),
(3, 2, 6, 11, 15, 18, 'Alegria 8/60 CMAK (5C)', 'Alegria 8/60 CMAK (5C)', 'active', 1, '2017-05-29 13:52:16', 6, '2017-05-31 15:14:43'),
(4, 2, 6, 11, 14, 18, 'Ez Sync', 'Ez Sync', 'active', 1, '2017-05-30 12:30:12', 6, '2017-05-31 15:14:09'),
(5, 2, 6, 12, 15, 17, 'Alegria 8/60 (6C)', 'Alegria 8/60 (6C)', 'active', 6, '2017-05-31 15:16:16', 6, '2017-05-31 15:16:16'),
(6, 2, 6, 11, 15, 18, 'Alegria 840', 'Alegria 840', 'active', 6, '2017-05-31 15:16:55', 6, '2017-05-31 15:16:55'),
(7, 2, 6, 11, 14, 18, 'Nescafe Algeria L', 'Nescafe Algeria L', 'active', 5, '2017-06-01 08:13:54', 5, '2017-06-01 08:13:54'),
(8, 4, 7, 11, 14, 17, 'Ez Nestle', 'Ez Nestle', 'active', 6, '2017-06-08 08:13:59', 6, '2017-06-08 08:13:59'),
(9, 4, 8, 11, 15, 18, 'version_sync', 'version_sync', 'active', 5, '2017-06-23 14:33:02', 1, '2017-07-10 15:26:45'),
(10, 4, 7, 11, 15, 18, 'version_new_001', 'version_new_001', 'active', 1, '2017-07-07 13:09:58', 1, '2017-07-07 13:13:09'),
(11, 3, 7, 11, 14, 17, 'NBZ_version', 'NBZ_version', 'active', 1, '2017-07-10 11:10:10', 1, '2017-07-10 11:10:10'),
(12, 4, 6, 12, 15, 18, 'Algeria 7/80', 'Algeria 7/80', 'active', 1, '2017-07-10 11:11:00', 1, '2017-07-10 11:11:00');

-- --------------------------------------------------------

--
-- Table structure for table `nestle_zone`
--

CREATE TABLE IF NOT EXISTS `nestle_zone` (
  `zone_id` int(11) NOT NULL,
  `name` varchar(100) NOT NULL,
  `description` text NOT NULL,
  `isactive` enum('active','inactive') NOT NULL DEFAULT 'active',
  `created_by` int(11) NOT NULL,
  `created_at` datetime NOT NULL,
  `updated_by` int(11) NOT NULL,
  `updated_at` datetime NOT NULL
) ENGINE=MyISAM DEFAULT CHARSET=utf16;

--
-- Indexes for dumped tables
--

--
-- Indexes for table `nestle_aauth_perms`
--
ALTER TABLE `nestle_aauth_perms`
  ADD PRIMARY KEY (`id`),
  ADD KEY `id_index` (`id`);

--
-- Indexes for table `nestle_aauth_perm_to_group`
--
ALTER TABLE `nestle_aauth_perm_to_group`
  ADD KEY `perm_id_role_id_index` (`perm_id`,`role_id`);

--
-- Indexes for table `nestle_category`
--
ALTER TABLE `nestle_category`
  ADD PRIMARY KEY (`cat_id`);

--
-- Indexes for table `nestle_ci_sessions`
--
ALTER TABLE `nestle_ci_sessions`
  ADD UNIQUE KEY `Id_index` (`id`),
  ADD KEY `ci_sessions_timestamp` (`timestamp`);

--
-- Indexes for table `nestle_codelookup`
--
ALTER TABLE `nestle_codelookup`
  ADD PRIMARY KEY (`code_id`);

--
-- Indexes for table `nestle_collection_order`
--
ALTER TABLE `nestle_collection_order`
  ADD PRIMARY KEY (`collection_id`);

--
-- Indexes for table `nestle_config`
--
ALTER TABLE `nestle_config`
  ADD PRIMARY KEY (`config_key`);

--
-- Indexes for table `nestle_countries`
--
ALTER TABLE `nestle_countries`
  ADD PRIMARY KEY (`country_id`);

--
-- Indexes for table `nestle_co_cheque_info`
--
ALTER TABLE `nestle_co_cheque_info`
  ADD PRIMARY KEY (`co_cheque_info_id`);

--
-- Indexes for table `nestle_customer_enrolment`
--
ALTER TABLE `nestle_customer_enrolment`
  ADD PRIMARY KEY (`customer_id`);

--
-- Indexes for table `nestle_customer_machine_information`
--
ALTER TABLE `nestle_customer_machine_information`
  ADD PRIMARY KEY (`customer_machine_information_id`);

--
-- Indexes for table `nestle_delivery_item_list`
--
ALTER TABLE `nestle_delivery_item_list`
  ADD PRIMARY KEY (`do_menu_id`);

--
-- Indexes for table `nestle_delivery_order`
--
ALTER TABLE `nestle_delivery_order`
  ADD PRIMARY KEY (`delivery_order_id`);

--
-- Indexes for table `nestle_email_template_master`
--
ALTER TABLE `nestle_email_template_master`
  ADD PRIMARY KEY (`template_id`);

--
-- Indexes for table `nestle_emirate`
--
ALTER TABLE `nestle_emirate`
  ADD PRIMARY KEY (`emirate_id`);

--
-- Indexes for table `nestle_feedback`
--
ALTER TABLE `nestle_feedback`
  ADD PRIMARY KEY (`feedback_id`);

--
-- Indexes for table `nestle_language_master`
--
ALTER TABLE `nestle_language_master`
  ADD PRIMARY KEY (`language_id`);

--
-- Indexes for table `nestle_login`
--
ALTER TABLE `nestle_login`
  ADD PRIMARY KEY (`login_id`);

--
-- Indexes for table `nestle_log_master`
--
ALTER TABLE `nestle_log_master`
  ADD PRIMARY KEY (`log_id`);

--
-- Indexes for table `nestle_machine_inventory`
--
ALTER TABLE `nestle_machine_inventory`
  ADD PRIMARY KEY (`inventory_id`);

--
-- Indexes for table `nestle_maintenance`
--
ALTER TABLE `nestle_maintenance`
  ADD PRIMARY KEY (`maintenance_id`);

--
-- Indexes for table `nestle_module_master`
--
ALTER TABLE `nestle_module_master`
  ADD PRIMARY KEY (`module_id`);

--
-- Indexes for table `nestle_payment_facility`
--
ALTER TABLE `nestle_payment_facility`
  ADD PRIMARY KEY (`payment_facility_id`);

--
-- Indexes for table `nestle_payment_terms`
--
ALTER TABLE `nestle_payment_terms`
  ADD PRIMARY KEY (`payment_terms_id`);

--
-- Indexes for table `nestle_role_master`
--
ALTER TABLE `nestle_role_master`
  ADD PRIMARY KEY (`role_id`);

--
-- Indexes for table `nestle_route`
--
ALTER TABLE `nestle_route`
  ADD PRIMARY KEY (`route_id`);

--
-- Indexes for table `nestle_subcategory`
--
ALTER TABLE `nestle_subcategory`
  ADD PRIMARY KEY (`subcat_id`);

--
-- Indexes for table `nestle_version_master`
--
ALTER TABLE `nestle_version_master`
  ADD PRIMARY KEY (`version_id`);

--
-- Indexes for table `nestle_zone`
--
ALTER TABLE `nestle_zone`
  ADD PRIMARY KEY (`zone_id`);

--
-- AUTO_INCREMENT for dumped tables
--

--
-- AUTO_INCREMENT for table `nestle_aauth_perms`
--
ALTER TABLE `nestle_aauth_perms`
  MODIFY `id` int(11) NOT NULL AUTO_INCREMENT,AUTO_INCREMENT=5;
--
-- AUTO_INCREMENT for table `nestle_category`
--
ALTER TABLE `nestle_category`
  MODIFY `cat_id` int(11) NOT NULL AUTO_INCREMENT,AUTO_INCREMENT=14;
--
-- AUTO_INCREMENT for table `nestle_codelookup`
--
ALTER TABLE `nestle_codelookup`
  MODIFY `code_id` int(11) NOT NULL AUTO_INCREMENT,AUTO_INCREMENT=61;
--
-- AUTO_INCREMENT for table `nestle_collection_order`
--
ALTER TABLE `nestle_collection_order`
  MODIFY `collection_id` int(11) NOT NULL AUTO_INCREMENT,AUTO_INCREMENT=11;
--
-- AUTO_INCREMENT for table `nestle_countries`
--
ALTER TABLE `nestle_countries`
  MODIFY `country_id` int(11) NOT NULL AUTO_INCREMENT,AUTO_INCREMENT=243;
--
-- AUTO_INCREMENT for table `nestle_co_cheque_info`
--
ALTER TABLE `nestle_co_cheque_info`
  MODIFY `co_cheque_info_id` int(11) NOT NULL AUTO_INCREMENT,AUTO_INCREMENT=17;
--
-- AUTO_INCREMENT for table `nestle_customer_enrolment`
--
ALTER TABLE `nestle_customer_enrolment`
  MODIFY `customer_id` int(11) NOT NULL AUTO_INCREMENT,AUTO_INCREMENT=20;
--
-- AUTO_INCREMENT for table `nestle_customer_machine_information`
--
ALTER TABLE `nestle_customer_machine_information`
  MODIFY `customer_machine_information_id` int(11) NOT NULL AUTO_INCREMENT,AUTO_INCREMENT=56;
--
-- AUTO_INCREMENT for table `nestle_delivery_item_list`
--
ALTER TABLE `nestle_delivery_item_list`
  MODIFY `do_menu_id` int(11) NOT NULL AUTO_INCREMENT,AUTO_INCREMENT=16;
--
-- AUTO_INCREMENT for table `nestle_delivery_order`
--
ALTER TABLE `nestle_delivery_order`
  MODIFY `delivery_order_id` int(11) NOT NULL AUTO_INCREMENT,AUTO_INCREMENT=19;
--
-- AUTO_INCREMENT for table `nestle_email_template_master`
--
ALTER TABLE `nestle_email_template_master`
  MODIFY `template_id` int(11) NOT NULL AUTO_INCREMENT;
--
-- AUTO_INCREMENT for table `nestle_emirate`
--
ALTER TABLE `nestle_emirate`
  MODIFY `emirate_id` int(11) NOT NULL AUTO_INCREMENT,AUTO_INCREMENT=3;
--
-- AUTO_INCREMENT for table `nestle_feedback`
--
ALTER TABLE `nestle_feedback`
  MODIFY `feedback_id` int(11) NOT NULL AUTO_INCREMENT,AUTO_INCREMENT=8;
--
-- AUTO_INCREMENT for table `nestle_language_master`
--
ALTER TABLE `nestle_language_master`
  MODIFY `language_id` int(11) NOT NULL AUTO_INCREMENT,AUTO_INCREMENT=16;
--
-- AUTO_INCREMENT for table `nestle_login`
--
ALTER TABLE `nestle_login`
  MODIFY `login_id` int(11) NOT NULL AUTO_INCREMENT,AUTO_INCREMENT=24;
--
-- AUTO_INCREMENT for table `nestle_log_master`
--
ALTER TABLE `nestle_log_master`
  MODIFY `log_id` int(10) NOT NULL AUTO_INCREMENT,AUTO_INCREMENT=164;
--
-- AUTO_INCREMENT for table `nestle_machine_inventory`
--
ALTER TABLE `nestle_machine_inventory`
  MODIFY `inventory_id` int(11) NOT NULL AUTO_INCREMENT,AUTO_INCREMENT=58;
--
-- AUTO_INCREMENT for table `nestle_maintenance`
--
ALTER TABLE `nestle_maintenance`
  MODIFY `maintenance_id` int(11) NOT NULL AUTO_INCREMENT,AUTO_INCREMENT=8;
--
-- AUTO_INCREMENT for table `nestle_module_master`
--
ALTER TABLE `nestle_module_master`
  MODIFY `module_id` int(11) NOT NULL AUTO_INCREMENT,AUTO_INCREMENT=23;
--
-- AUTO_INCREMENT for table `nestle_payment_facility`
--
ALTER TABLE `nestle_payment_facility`
  MODIFY `payment_facility_id` int(11) NOT NULL AUTO_INCREMENT,AUTO_INCREMENT=3;
--
-- AUTO_INCREMENT for table `nestle_payment_terms`
--
ALTER TABLE `nestle_payment_terms`
  MODIFY `payment_terms_id` int(11) NOT NULL AUTO_INCREMENT,AUTO_INCREMENT=11;
--
-- AUTO_INCREMENT for table `nestle_role_master`
--
ALTER TABLE `nestle_role_master`
  MODIFY `role_id` int(11) NOT NULL AUTO_INCREMENT,AUTO_INCREMENT=13;
--
-- AUTO_INCREMENT for table `nestle_route`
--
ALTER TABLE `nestle_route`
  MODIFY `route_id` int(11) NOT NULL AUTO_INCREMENT,AUTO_INCREMENT=3;
--
-- AUTO_INCREMENT for table `nestle_subcategory`
--
ALTER TABLE `nestle_subcategory`
  MODIFY `subcat_id` int(11) NOT NULL AUTO_INCREMENT,AUTO_INCREMENT=10;
--
-- AUTO_INCREMENT for table `nestle_version_master`
--
ALTER TABLE `nestle_version_master`
  MODIFY `version_id` int(11) NOT NULL AUTO_INCREMENT,AUTO_INCREMENT=13;
--
-- AUTO_INCREMENT for table `nestle_zone`
--
ALTER TABLE `nestle_zone`
  MODIFY `zone_id` int(11) NOT NULL AUTO_INCREMENT;
/*!40101 SET CHARACTER_SET_CLIENT=@OLD_CHARACTER_SET_CLIENT */;
/*!40101 SET CHARACTER_SET_RESULTS=@OLD_CHARACTER_SET_RESULTS */;
/*!40101 SET COLLATION_CONNECTION=@OLD_COLLATION_CONNECTION */;
